# Blender v3.1.2 OBJ File: ''
# www.blender.org
mtllib tree.mtl
o Broadleaf_Mobile_test
v -0.173748 1.039409 0.213864
v -0.087471 0.961453 0.123455
v -0.240514 0.965094 0.210261
v -0.348876 1.525890 1.190034
v -0.635522 1.922173 1.406605
v -0.391354 1.521098 1.184510
v -0.369575 1.546412 1.157089
v -0.635522 1.922173 1.406605
v -0.995307 2.510425 -0.061656
v -1.210326 2.941017 -0.253241
v -0.991346 2.505189 -0.111431
v -0.952686 2.527916 -0.085818
v -1.210326 2.941017 -0.253241
v -0.081376 2.223889 0.200865
v -0.155766 2.820369 0.589806
v -0.034804 2.181669 0.270420
v -0.275980 3.721735 1.080749
v -0.129156 2.801939 0.634718
v -0.275980 3.721735 1.080749
v -0.182786 2.801344 0.632858
v -0.275980 3.721735 1.080749
v -0.155766 2.820369 0.589806
v 0.052827 3.337783 0.112466
v 0.053011 3.386134 0.133048
v 0.089943 3.154461 0.093622
v -0.053747 5.045956 0.710312
v 0.089544 3.364837 0.180733
v -0.053747 5.045956 0.710312
v 0.025204 3.359477 0.184396
v -0.053747 5.045956 0.710312
v 0.053011 3.386134 0.133048
v 0.260140 -0.116739 0.165555
v 0.177824 0.128548 0.119394
v -0.007573 -0.117262 0.174791
v 0.142259 -0.110848 -0.074092
v 0.136530 0.133740 -0.065138
v 0.013035 -0.105293 -0.300876
v 0.009272 0.138005 -0.213317
v 0.010566 0.385341 -0.218383
v 0.177824 0.128548 0.119394
v 0.149464 0.377190 -0.027708
v 0.012598 1.841184 -0.040807
v 0.052477 0.373286 0.092058
v 0.014423 2.077862 -0.110295
v 0.117636 1.845150 0.035911
v 0.095855 2.082403 0.031171
v 0.078090 1.847518 0.172076
v 0.049459 2.089557 0.119121
v -0.064894 1.844241 0.158357
v -0.046296 2.094052 0.122966
v -0.007454 0.127251 0.172707
v -0.007573 -0.117262 0.174791
v -0.254557 -0.116470 0.132579
v -0.167055 0.129639 0.092981
v -0.092983 0.372760 0.131220
v -0.128784 -0.110946 -0.081959
v -0.121405 0.134168 -0.071006
v -0.121405 0.134168 -0.071006
v 0.013035 -0.105293 -0.300876
v 0.009272 0.138005 -0.213317
v -0.145816 0.379640 -0.040911
v 0.010566 0.385341 -0.218383
v -0.062435 1.841529 0.040250
v 0.012598 1.841184 -0.040807
v -0.114333 2.090556 0.009937
v 0.014423 2.077862 -0.110295
v -0.092983 0.372760 0.131220
v 0.078090 1.847518 0.172076
v 0.052477 0.373286 0.092058
v 0.117636 1.845150 0.035911
v 0.149464 0.377190 -0.027708
v 0.012598 1.841184 -0.040807
v 0.073602 2.056154 -0.010958
v 0.133266 2.139449 -0.064170
v 0.050023 1.904729 -0.032070
v 0.161767 2.068501 -0.126829
v 0.050023 1.904729 -0.032070
v 0.104732 1.919394 0.055513
v 0.217384 2.089384 -0.048815
v 0.073602 2.056154 -0.010958
v 0.133266 2.139449 -0.064170
v 0.235277 2.246611 -0.194858
v 0.161767 2.068501 -0.126829
v 0.257452 2.183852 -0.257999
v 0.217384 2.089384 -0.048815
v 0.317925 2.632371 -0.516413
v 0.321750 2.214937 -0.198361
v 0.133266 2.139449 -0.064170
v 0.235277 2.246611 -0.194858
v 0.335330 2.607819 -0.572038
v 0.487191 3.561306 -0.788348
v 0.380959 2.627424 -0.530381
v 0.487191 3.561306 -0.788348
v 0.317925 2.632371 -0.516413
v 0.487191 3.561306 -0.788348
v -0.391354 1.521098 1.184510
v -0.635522 1.922173 1.406605
v -0.369575 1.546412 1.157089
v -0.369575 1.546412 1.157089
v -0.469060 1.185774 0.810049
v -0.502956 1.144146 0.831817
v -0.298165 1.106379 0.351423
v -0.348876 1.525890 1.190034
v -0.354307 1.030485 0.346094
v -0.173748 1.039409 0.213864
v -0.446223 1.138124 0.839705
v -0.369575 1.546412 1.157089
v -0.240514 0.965094 0.210261
v -0.469060 1.185774 0.810049
v -0.271814 1.025232 0.386530
v -0.298165 1.106379 0.351423
v -0.106598 0.826663 0.067131
v -0.087471 0.961453 0.123455
v -0.166329 0.963717 0.280392
v -0.173748 1.039409 0.213864
v -0.033906 0.829261 0.142217
v -0.087471 0.961453 0.123455
v -0.042377 2.115279 0.120241
v -0.081376 2.223889 0.200865
v 0.031509 1.995462 0.136780
v -0.034804 2.181669 0.270420
v -0.055902 1.954491 0.107844
v -0.129156 2.801939 0.634718
v -0.155766 2.820369 0.589806
v -0.128013 2.164012 0.258042
v -0.042377 2.115279 0.120241
v -0.182786 2.801344 0.632858
v -0.081376 2.223889 0.200865
v -0.155766 2.820369 0.589806
v 0.053011 3.386134 0.133048
v 0.052827 3.337783 0.112466
v 0.025204 3.359477 0.184396
v 0.024271 3.143584 0.095248
v 0.089544 3.364837 0.180733
v 0.089943 3.154461 0.093622
v 0.053011 3.386134 0.133048
v 0.067088 2.821192 -0.051963
v 0.059185 3.070446 -0.040541
v 0.137573 2.818168 0.037387
v 0.100606 3.056184 0.083599
v 0.137573 2.818168 0.037387
v 0.161686 2.566117 0.036759
v 0.068579 2.571426 -0.067414
v 0.058540 2.812935 0.118578
v 0.139712 2.318279 0.043925
v 0.033817 2.325717 -0.052458
v 0.057631 2.574189 0.139540
v 0.014423 2.077862 -0.110295
v 0.095855 2.082403 0.031171
v 0.049459 2.089557 0.119121
v 0.025336 2.336125 0.137257
v -0.046296 2.094052 0.122966
v -0.114333 2.090556 0.009937
v -0.052770 2.340019 0.034128
v 0.014423 2.077862 -0.110295
v 0.033817 2.325717 -0.052458
v -0.009632 2.577666 0.027542
v 0.033817 2.325717 -0.052458
v 0.068579 2.571426 -0.067414
v -0.013272 2.815913 0.029717
v 0.067088 2.821192 -0.051963
v -0.010038 3.057460 0.088251
v 0.059185 3.070446 -0.040541
v -0.991346 2.505189 -0.111431
v -1.210326 2.941017 -0.253241
v -0.952686 2.527916 -0.085818
v -0.165794 1.639804 -0.027534
v -0.229444 1.556420 -0.094273
v -0.066562 1.537406 0.008305
v -0.995307 2.510425 -0.061656
v -0.049421 1.361276 -0.032446
v -0.251913 1.571152 0.025545
v -0.952686 2.527916 -0.085818
v -0.089660 1.392145 0.087232
v -0.165794 1.639804 -0.027534
v -0.066562 1.537406 0.008305
v 0.059185 3.070446 -0.040541
v 0.061310 3.546297 0.040838
v 0.100606 3.056184 0.083599
v 0.110179 3.545225 0.130911
v -0.010038 3.057460 0.088251
v 0.057126 3.782551 0.045240
v 0.009835 3.542114 0.125815
v 0.059185 3.070446 -0.040541
v 0.061310 3.546297 0.040838
v 0.092612 3.788740 0.124858
v 0.066120 4.021350 0.015368
v 0.099610 4.029829 0.080896
v 0.010480 3.789580 0.124085
v 0.057126 3.782551 0.045240
v 0.027490 4.029473 0.079273
v 0.066120 4.021350 0.015368
v 0.021129 4.269002 0.057465
v 0.054450 4.264400 0.002040
v 0.027490 4.029473 0.079273
v 0.086161 4.268798 0.058643
v 0.099610 4.029829 0.080896
v 0.066120 4.021350 0.015368
v 0.054450 4.264400 0.002040
v 0.066891 4.507068 -0.010055
v 0.094089 4.508432 0.036461
v 0.080230 4.750111 0.009752
v 0.021129 4.269002 0.057465
v 0.040424 4.511339 0.036030
v 0.080230 4.750111 0.009752
v 0.054450 4.264400 0.002040
v 0.066891 4.507068 -0.010055
v 0.080230 4.750111 0.009752
v 0.085407 1.117317 -0.030591
v 0.180542 1.209745 -0.103629
v 0.056950 0.983665 -0.082553
v 0.195006 1.132030 -0.183068
v 1.212430 2.282363 -0.978115
v 0.117453 0.972312 0.021692
v 0.261915 1.132197 -0.095326
v 1.212430 2.282363 -0.978115
v 0.085407 1.117317 -0.030591
v 0.180542 1.209745 -0.103629
v 1.212430 2.282363 -0.978115
v 0.030676 1.684434 0.164835
v 0.027461 1.774481 0.281339
v 0.048429 1.529857 0.161339
v 0.040034 1.691193 0.339093
v -0.056298 1.588223 0.154924
v 0.094748 2.062182 0.909384
v -0.053419 1.719667 0.310644
v 0.030676 1.684434 0.164835
v 0.027461 1.774481 0.281339
v 0.107629 2.009984 0.944205
v 0.311087 2.791099 1.580194
v 0.051492 2.037249 0.949433
v 0.311087 2.791099 1.580194
v 0.094748 2.062182 0.909384
v 0.311087 2.791099 1.580194
v 0.151505 2.555697 0.026770
v 0.250933 2.630935 0.008169
v 0.092406 2.435385 -0.020497
v 0.270682 2.576329 -0.052174
v 0.126504 2.426193 0.059238
v 0.435012 2.732645 -0.077502
v 0.300243 2.567836 0.024840
v 0.151505 2.555697 0.026770
v 0.250933 2.630935 0.008169
v 0.439879 2.675674 -0.126157
v 0.875798 3.433342 -0.641382
v 0.492420 2.680909 -0.067758
v 0.435012 2.732645 -0.077502
v 0.883588 3.420820 -0.673534
v 1.219771 3.827404 -0.633608
v 0.904833 3.414238 -0.646811
v 1.219771 3.827404 -0.633608
v 0.875798 3.433342 -0.641382
v 1.219771 3.827404 -0.633608
v 0.001121 2.654968 0.013749
v -0.071736 2.774504 -0.060016
v -0.012108 2.500201 0.018388
v -0.124797 2.710667 -0.102893
v -0.807477 4.164145 -0.804090
v 0.052890 2.574644 -0.048385
v -0.042911 2.736174 -0.145470
v -0.807477 4.164145 -0.804090
v 0.001121 2.654968 0.013749
v -0.071736 2.774504 -0.060016
v -0.807477 4.164145 -0.804090
v 0.072577 3.236373 0.026438
v 0.128261 3.355947 0.003028
v 0.079385 3.076318 0.022017
v 0.191158 3.326472 -0.023470
v 0.099410 3.152658 0.087244
v 0.280285 4.042531 -0.271084
v 0.186312 3.344866 0.046659
v 0.072577 3.236373 0.026438
v 0.128261 3.355947 0.003028
v 0.320655 4.035420 -0.291478
v 0.476782 5.033162 -0.298252
v 0.318159 4.046815 -0.247453
v 0.476782 5.033162 -0.298252
v 0.280285 4.042531 -0.271084
v 0.476782 5.033162 -0.298252
v 0.084263 3.505151 0.065423
v 0.074203 3.771409 0.070175
v 0.072478 3.503797 0.132342
v 0.063010 3.770551 0.134678
v -0.053600 5.542071 0.348769
v 0.020236 3.502639 0.088776
v 0.012430 3.767875 0.092911
v -0.053600 5.542071 0.348769
v 0.084263 3.505151 0.065423
v 0.074203 3.771409 0.070175
v -0.053600 5.542071 0.348769
v 0.023382 3.429627 0.085993
v 0.039610 3.696074 0.091149
v 0.077955 3.427080 0.059639
v 0.092589 3.695119 0.064730
v 0.073603 3.426203 0.120218
v 0.092717 4.972591 0.031732
v 0.088192 3.692926 0.124321
v 0.023382 3.429627 0.085993
v 0.039610 3.696074 0.091149
v 0.114241 4.965404 0.020205
v 0.303620 5.453609 0.050590
v 0.113392 4.967700 0.045401
v 0.303620 5.453609 0.050590
v 0.092717 4.972591 0.031732
v 0.303620 5.453609 0.050590
v 0.065911 0.457521 1.415601
v 0.006310 1.176654 1.102087
v -0.381389 1.135597 1.892145
v -0.205587 0.990878 0.247469
v -0.701107 1.671576 1.214775
v -1.436960 0.898675 -0.195786
v -0.875620 1.447302 -0.141921
v -1.276963 1.471731 -0.925831
v -0.205587 0.990878 0.247469
v -0.383765 1.672234 -0.824248
v 0.841769 0.730601 0.366577
v 0.462439 1.336930 0.371052
v 1.081889 1.374382 0.877344
v -0.305800 1.056460 0.376395
v 0.354318 1.758827 1.031964
v -0.360321 0.325598 1.318350
v -0.372400 1.029407 1.191649
v -0.923517 0.819096 1.733398
v -0.305800 1.056460 0.376395
v -1.047052 1.443329 1.189212
v -0.228743 1.289600 1.580655
v -0.349790 1.626451 1.045668
v -0.758117 1.849256 1.596285
v -0.368948 1.098228 0.534165
v -1.004683 1.855565 0.884244
v -1.214008 0.450651 0.676332
v -1.072598 1.074213 0.750538
v -1.719991 0.984418 0.446611
v -0.368948 1.098228 0.534165
v -1.271984 1.565441 0.274749
v 0.303219 0.751005 1.183332
v 0.016658 1.246063 1.170913
v 0.122880 1.051169 1.771927
v -0.422102 1.137147 0.697686
v -0.430574 1.385379 1.596925
v 0.260133 0.682708 1.186820
v 0.209240 1.156181 0.869666
v 0.551543 1.264580 1.400291
v -0.422102 1.137147 0.697686
v 0.152510 1.730193 1.130825
v -0.626774 1.470862 2.377765
v -0.691122 2.004692 1.962617
v -1.277962 1.953365 2.443901
v -0.482278 1.702617 1.278200
v -1.360002 2.228069 1.702124
v -0.820520 1.367723 2.306483
v -0.324296 1.746013 2.037930
v -0.623189 2.075394 2.655037
v -0.482278 1.702617 1.278200
v -0.352090 2.497267 2.037821
v -0.728707 2.020039 1.085752
v -0.978574 1.382700 0.883448
v -1.159425 1.539752 1.646070
v -0.346648 1.081364 0.463818
v -0.998228 0.765486 1.376118
v -0.840193 1.933169 1.130890
v -1.023855 1.522309 0.576793
v -1.613971 1.571057 1.113776
v -0.346648 1.081364 0.463818
v -1.476256 0.880555 0.663678
v -0.849791 0.780523 1.602843
v -0.683884 1.364246 1.301477
v -1.361331 1.408810 1.640210
v -0.397932 1.119888 0.624086
v -1.196470 1.799683 0.969987
v 0.282119 0.597045 1.325270
v 0.264204 1.110901 0.942049
v 0.688765 1.221177 1.510596
v -0.450725 1.157325 0.783196
v 0.285231 1.772142 1.198860
v -0.174657 1.795762 1.819518
v -0.725767 1.626815 1.505248
v -0.790126 1.533026 2.231574
v -0.457395 1.243889 0.918221
v -1.139729 1.071921 1.725729
v 0.053175 2.287348 1.854362
v -0.517042 1.906089 1.808589
v -0.244406 1.920793 2.528360
v -0.387965 1.501978 1.147074
v -0.613818 1.274774 2.221954
v -1.021132 2.420444 0.888614
v -0.704706 1.909656 0.554593
v -1.406394 2.042691 0.267274
v -0.387965 1.501978 1.147074
v -1.083981 1.305647 0.289795
v -0.085897 0.849875 -1.370880
v -0.040487 1.502177 -0.938580
v 0.306961 1.619786 -1.736030
v 0.220830 1.180712 -0.143750
v 0.636796 2.041682 -0.990849
v 1.047446 0.760268 -1.016318
v 0.907160 1.421285 -0.790133
v 1.691640 1.300503 -0.872221
v 0.333453 1.289046 -0.226415
v 1.376983 1.796596 -0.279944
v 1.295945 0.934959 -0.827287
v 0.928446 1.536852 -0.725047
v 1.715191 1.664179 -0.685604
v 0.333453 1.289046 -0.226415
v 1.170720 2.093721 -0.221972
v 0.137332 0.704162 -1.069151
v 0.321157 1.317702 -1.036550
v 0.639996 0.975950 -1.581782
v 0.427725 1.406694 -0.315838
v 0.982432 1.520843 -1.195143
v 1.428949 1.386005 -0.694826
v 1.132226 1.780286 -0.409442
v 1.700012 1.672937 -0.138220
v 0.535632 1.518111 -0.397714
v 1.158078 1.827786 0.219079
v 1.386901 1.109387 -0.285059
v 1.178250 1.628523 -0.394188
v 1.650088 1.651448 0.035125
v 0.535632 1.518111 -0.397714
v 1.131034 2.070469 0.053492
v 1.098433 0.980717 -0.718166
v 1.093543 1.474607 -0.787573
v 1.610106 1.286908 -0.688202
v 0.636652 1.632460 -0.483672
v 1.429430 1.812308 -0.508637
v 1.425457 1.766050 -0.257193
v 1.021700 2.036714 -0.368950
v 1.286115 2.238999 0.079501
v 0.636652 1.632460 -0.483672
v 0.705682 2.265209 0.021677
v 0.521410 1.180802 -1.219484
v 0.687667 1.684494 -1.173843
v 0.973405 1.398899 -1.612246
v 0.737635 1.746909 -0.569840
v 1.249276 1.837186 -1.265493
v 1.569207 1.942340 -0.810381
v 1.090752 2.175694 -0.817964
v 1.515473 2.553720 -0.638756
v 0.737635 1.746909 -0.569840
v 0.933422 2.577923 -0.417243
v 0.462791 1.729341 -1.538399
v 0.477463 2.145989 -1.134605
v 0.575345 2.387614 -1.729954
v 0.838587 1.861271 -0.656219
v 0.874927 2.648606 -1.178779
v 1.764432 1.761563 -0.920148
v 1.344502 2.159703 -0.964897
v 1.912881 2.430063 -0.802863
v 0.838587 1.861271 -0.656219
v 1.318990 2.672063 -0.578387
v -0.706796 0.619230 -0.925073
v -0.663706 1.165964 -0.364030
v -1.121177 1.451541 -1.057591
v 0.197205 1.110512 -0.116125
v -0.599284 2.011595 -0.550087
v 1.499895 1.115494 0.003515
v 0.914748 1.637934 -0.010758
v 1.496609 1.823206 0.620884
v 0.197205 1.110512 -0.116125
v 0.599256 1.994869 0.715135
v 0.687380 1.278102 -1.631636
v 0.818389 1.963787 -1.563478
v 1.158871 1.668108 -2.206560
v 0.983084 2.024915 -0.780267
v 1.498947 2.274757 -1.770020
v -0.890230 0.804170 -0.797740
v -0.932152 1.540293 -0.586412
v -1.063174 1.446957 -1.430101
v -0.248186 1.612504 -0.041054
v -0.653425 2.167778 -1.085470
v -0.538501 1.269282 -1.238808
v -0.444901 1.917433 -0.839517
v -0.069194 1.965451 -1.610379
v -0.248186 1.612504 -0.041054
v 0.268449 2.375077 -0.886189
v -1.252896 1.104453 -0.404983
v -1.106562 1.779755 -0.311555
v -1.490132 1.659938 -0.980999
v -0.352998 1.751461 -0.051236
v -0.925512 2.243942 -0.900766
v -1.444837 1.585206 0.132664
v -1.124498 2.122048 0.078199
v -1.741689 2.155289 -0.256095
v -0.460499 1.886144 -0.057374
v -1.143645 2.504561 -0.501096
v -1.209887 1.155702 -0.097417
v -1.168122 1.781367 -0.121523
v -1.614412 1.534164 -0.604739
v -0.460499 1.886144 -0.057374
v -1.199775 2.129189 -0.721760
v -0.434079 1.651646 0.780015
v -0.269107 2.101227 0.494046
v -0.421675 2.247050 1.081910
v -0.568268 2.020370 -0.063714
v -0.522707 2.656821 0.583651
v -1.095987 2.125211 -0.822169
v -0.879456 2.446714 -0.421086
v -0.816912 2.709749 -0.984136
v -0.568268 2.020370 -0.063714
v -0.371869 2.785890 -0.512415
v -1.998964 2.331291 -0.161910
v -1.633333 2.817384 -0.252020
v -2.099557 2.755529 -0.754929
v -1.000236 2.554662 -0.095517
v -1.436912 3.010090 -0.874382
v -1.689787 1.877752 0.249803
v -1.638201 2.487915 0.193835
v -2.262563 2.268843 0.003342
v -1.000236 2.554662 -0.095517
v -1.939812 2.830241 -0.311037
v -1.989879 2.226708 -0.564009
v -1.728096 2.833393 -0.519530
v -2.015156 2.709792 -1.192040
v -1.077975 2.697793 -0.155157
v -1.386915 3.151266 -1.084928
v -0.599360 2.295141 -1.065793
v -0.903348 2.852016 -0.875908
v -0.293558 2.996752 -1.272337
v -1.077975 2.697793 -0.155157
v -0.529515 3.455439 -0.693555
v -1.658023 2.283972 -0.115918
v -1.118896 2.585203 -0.245735
v -1.599311 2.682943 -0.754688
v -0.625027 2.090959 -0.067126
v -0.875591 2.643525 -0.897763
v -1.099624 2.163961 0.869069
v -1.201549 2.355868 0.276589
v -1.792547 2.107137 0.573638
v -0.625027 2.090959 -0.067126
v -1.649385 2.027251 -0.146721
v -0.796682 2.309639 1.020922
v -0.597684 2.715235 0.537997
v -0.897690 3.090638 1.101426
v -0.836858 2.351774 -0.080255
v -0.966416 3.323651 0.366356
v -0.561769 2.468669 -1.141481
v -0.840997 2.831483 -0.664278
v -0.347691 3.225433 -1.051363
v -0.836858 2.351774 -0.080255
v -0.466518 3.340437 -0.295056
v 1.196125 1.434308 0.633477
v 0.826412 2.013120 0.307246
v 1.420714 2.289111 0.850927
v 0.000865 1.742403 0.342316
v 0.654137 2.723422 0.724187
v -0.971341 1.422487 1.091214
v -0.637201 2.058156 0.841386
v -1.485936 2.119628 0.812644
v 0.000865 1.742403 0.342316
v -0.960328 2.513617 0.211947
v 0.719330 1.395061 1.105990
v 0.595938 1.931580 1.157646
v 0.758398 1.682698 1.700836
v 0.073795 1.980950 0.803621
v 0.316420 2.153392 1.654755
v 0.628541 1.482783 1.347028
v 0.533381 2.016231 1.236915
v 0.597090 1.917799 1.844898
v 0.073795 1.980950 0.803621
v 0.197854 2.368816 1.607799
v 0.744879 1.945808 0.490969
v 0.455065 2.310366 0.622022
v 0.976261 2.457977 0.630766
v 0.096831 2.056800 0.958630
v 0.597245 2.664736 0.997352
v -0.047319 2.289387 1.717193
v -0.009020 2.493691 1.280315
v -0.429336 2.694176 1.557175
v 0.096831 2.056800 0.958630
v -0.439297 2.633749 0.994114
v -0.729268 1.811243 1.403979
v -0.300034 2.282525 1.039754
v -1.022863 2.622137 1.234871
v 0.012079 1.797862 0.429940
v -0.602976 2.820552 0.511663
v -0.112451 2.828974 1.227613
v -0.392747 2.540234 0.656482
v -0.943627 2.822061 1.135221
v 0.038137 1.872472 0.582072
v -1.061653 2.153142 0.679603
v 0.729326 1.944148 1.616014
v 0.435876 2.390048 1.222532
v 0.384032 2.582340 1.937921
v 0.062872 1.946856 0.733691
v -0.174853 2.743713 1.423819
v 0.897623 2.093148 1.443646
v 0.373300 2.434509 1.223816
v 0.450685 2.498335 1.959603
v 0.062872 1.946856 0.733691
v -0.244963 2.491775 1.615039
v -0.416720 2.606854 1.590538
v -0.412091 2.008162 1.402190
v -0.433608 2.057657 2.102943
v 0.086105 2.021059 0.885073
v -0.080428 1.512931 1.758833
v -0.611339 2.785029 1.037133
v -0.592438 2.220761 0.762954
v -1.182745 2.307042 1.134519
v 0.086105 2.021059 0.885073
v -0.852190 1.654083 1.069307
v 0.719289 3.182814 1.063376
v 0.832927 2.551017 1.206551
v 1.362203 2.829957 0.777026
v 0.149849 2.248670 1.119962
v 1.136338 2.095593 0.726642
v 1.228934 2.241467 1.315449
v 0.719148 2.646699 1.407562
v 1.155244 2.622288 2.000569
v 0.149849 2.248670 1.119962
v 0.392742 2.714581 2.054581
v 0.534966 2.746784 0.227247
v 0.567919 2.939933 0.870930
v 1.229099 3.030488 0.521175
v 0.185816 2.375124 1.226035
v 1.179445 2.836226 1.282911
v -0.237953 2.239059 2.256063
v 0.067652 2.722753 1.901992
v -0.516387 2.993907 2.293222
v 0.185816 2.375124 1.226035
v -0.311678 3.282008 1.589278
v -0.492973 3.256431 0.850930
v -0.504622 2.596771 1.046375
v -1.151342 2.963069 1.249611
v 0.222515 2.501039 1.332255
v -0.831437 2.374786 1.697369
v 0.790026 1.636526 -1.082448
v 0.647780 2.313128 -0.801402
v 1.440603 2.248309 -1.057711
v 0.193130 2.123428 -0.104293
v 1.211346 2.734374 -0.368829
v 0.473482 1.551443 -1.174176
v 0.399868 2.250314 -0.922835
v 1.075068 2.168931 -1.408576
v 0.193130 2.123428 -0.104293
v 1.053461 2.716063 -0.727727
v 0.020673 1.929193 -1.285787
v 0.105768 2.502446 -0.932996
v 0.447347 2.539124 -1.610638
v 0.267411 2.232552 -0.223827
v 0.742057 2.899595 -0.967156
v 0.008803 1.706386 -1.192110
v 0.088821 2.342812 -0.971019
v 0.418292 2.239562 -1.647783
v 0.267411 2.232552 -0.223827
v 0.716763 2.733142 -1.101745
v 0.285236 2.947964 -1.229193
v 0.476959 3.033216 -0.728645
v 0.874141 3.211478 -1.152733
v 0.320176 2.507205 -0.440213
v 1.059071 2.968210 -0.595660
v 0.068111 1.971782 -1.125772
v 0.187515 2.495309 -1.046801
v 0.440089 2.283750 -1.557517
v 0.320176 2.507205 -0.440213
v 0.720889 2.726249 -1.198274
v -0.183797 3.352545 -0.331607
v -0.105667 2.808498 -0.749748
v -0.820539 3.100063 -0.794435
v 0.290712 2.305692 -0.288208
v -0.670996 2.309605 -0.874689
v -0.392287 2.869431 -1.023094
v 0.231920 2.950576 -0.738991
v 0.238874 3.123289 -1.492762
v 0.290712 2.305692 -0.288208
v 0.874266 2.789591 -1.120537
v 1.284928 2.244184 -0.275768
v 1.009786 2.778411 -0.430020
v 1.470067 2.867718 0.082625
v 0.331567 2.580911 -0.496439
v 0.859292 3.258122 0.037540
v -0.174959 3.615607 -0.355489
v 0.334303 3.441505 -0.692789
v -0.072071 3.901164 -1.052587
v 0.355938 2.726506 -0.572055
v 0.308264 3.358789 -1.390329
v 0.583278 3.677499 -0.975808
v 0.897748 3.182261 -0.732339
v 1.217734 3.432931 -1.315994
v 0.355938 2.726506 -0.572055
v 1.222252 2.710496 -1.140037
v -0.305542 2.845443 0.224373
v -0.020712 3.297814 -0.145616
v -0.723598 3.449664 -0.032095
v 0.382750 2.883498 -0.612288
v -0.369674 3.626057 -0.682381
v 0.709334 3.400746 -1.506423
v 0.652889 3.525203 -0.870825
v 1.282763 3.775191 -1.136830
v 0.382750 2.883498 -0.612288
v 1.219122 3.507232 -0.427326
v -0.451650 3.200624 -1.333580
v -0.331540 3.213900 -0.679565
v -0.752722 3.790379 -0.891572
v 0.408584 3.040334 -0.652656
v -0.233417 3.845168 -0.314044
v 1.100029 3.286413 -1.483597
v 0.619778 3.587645 -1.135807
v 1.206102 4.035725 -1.236399
v 0.408584 3.040334 -0.652656
v 0.770270 4.059865 -0.591663
v -0.448965 3.514773 -1.330272
v -0.009968 3.801900 -0.897297
v -0.119165 4.236319 -1.513306
v 0.433387 3.197144 -0.693193
v 0.581146 4.202180 -1.135918
v 0.728649 4.155086 -1.221056
v 0.986421 3.740600 -0.747366
v 1.517276 3.954740 -1.249808
v 0.433387 3.197144 -0.693193
v 1.521116 3.235684 -0.907805
v 0.430140 2.392840 1.379980
v 0.286914 2.792486 0.770097
v 0.105533 3.216886 1.462485
v -0.090192 2.219797 0.269133
v -0.351426 3.309225 0.728029
v 0.342144 1.784740 1.346343
v 0.545920 2.278813 0.830053
v 0.660644 2.575981 1.598782
v -0.090192 2.219797 0.269133
v 0.433646 3.087014 0.932387
v -0.410119 2.574415 1.424189
v -0.025992 2.863931 0.949886
v -0.449090 3.374538 1.313879
v -0.107189 2.374794 0.358104
v -0.265452 3.447118 0.548105
v 0.294190 3.248393 1.124582
v -0.018193 3.333246 0.779937
v -0.096339 3.651877 1.195514
v -0.156503 2.833391 0.629223
v -0.513530 3.467612 0.881846
v -0.801516 2.446393 0.391492
v -0.689579 2.877958 0.548926
v -1.022196 2.901597 0.137655
v -0.156503 2.833391 0.629223
v -0.632542 3.284913 0.224992
v -0.213050 3.280698 1.497573
v -0.394151 3.406482 1.043596
v -0.788199 3.458079 1.445421
v -0.178475 2.988869 0.709421
v -0.920188 3.293852 0.893434
v -1.003975 2.972719 0.872171
v -0.648061 3.317306 0.775737
v -1.124458 3.426496 0.491974
v -0.178475 2.988869 0.709421
v -0.590487 3.549823 0.271187
v 0.400837 2.775295 1.385739
v -0.044446 3.044690 0.934612
v -0.258894 3.185382 1.661969
v -0.116237 2.462877 0.409536
v -0.794076 3.065743 1.070886
v 0.753567 2.982009 -0.018493
v 0.300561 3.212276 0.392766
v 0.972113 3.434202 0.581622
v -0.132048 2.612493 0.497566
v 0.428988 3.288251 1.100676
v 0.191141 3.553384 0.940143
v -0.371682 3.249196 0.805714
v -0.384877 3.556889 1.469831
v -0.132048 2.612493 0.497566
v -0.751246 2.903022 1.315121
v -0.026343 3.685346 1.025944
v -0.479887 3.272292 0.945265
v -0.480082 3.527145 1.589541
v -0.148374 2.761477 0.586044
v -0.673663 2.844583 1.443624
v 0.052207 3.584842 1.172590
v -0.442430 3.259647 0.992570
v -0.473752 3.417511 1.666469
v -0.148374 2.761477 0.586044
v -0.741975 2.799135 1.401285
v 0.473445 2.741060 -0.152550
v 0.157737 3.226444 0.104334
v 0.815486 3.414255 -0.083418
v -0.167517 2.911695 0.669701
v 0.474967 3.703320 0.508534
v 0.142865 2.555185 1.614743
v 0.247010 3.059131 1.245351
v 0.153951 3.247999 1.922718
v -0.167517 2.911695 0.669701
v -0.069704 3.674188 1.358573
v 0.322519 3.684810 1.672644
v -0.178079 3.832978 1.263491
v -0.336954 4.016009 1.965590
v -0.209796 3.215710 0.825023
v -0.879904 3.768528 1.468687
v -0.456996 4.292312 0.826661
v -0.776108 3.714999 0.757128
v -1.150666 4.181927 1.196866
v -0.209796 3.215710 0.825023
v -1.157920 3.413262 1.306666
v -0.113092 4.302352 1.526554
v -0.588956 3.833809 1.407565
v -0.541954 4.001467 2.146936
v -0.230223 3.367954 0.902211
v -0.723625 3.273032 1.888112
v 0.540182 3.753085 -0.273900
v 0.729942 3.243083 0.237460
v 1.397546 3.665307 -0.036825
v 0.266575 2.569692 -0.006956
v 1.440428 2.823289 0.194145
v 0.742770 3.716151 -0.081279
v 0.921779 3.062048 0.231300
v 1.585619 3.422146 -0.127650
v 0.266575 2.569692 -0.006956
v 1.480517 2.554605 -0.105161
v -0.073442 2.928368 -1.106498
v -0.002024 3.232527 -0.504976
v 0.001017 3.735639 -1.073293
v 0.506568 2.768280 -0.150016
v 0.432002 3.837659 -0.414885
v 1.587593 2.881748 0.159078
v 1.000313 3.206006 0.256032
v 1.398214 3.152392 0.900172
v 0.506568 2.768280 -0.150016
v 0.605065 3.131183 0.889167
v 1.475822 3.534121 -0.046057
v 1.191807 3.016475 0.102799
v 1.867384 2.930293 0.069534
v 0.651335 3.019169 -0.336886
v 1.408691 2.415843 -0.112371
v 0.729715 2.475498 -1.191594
v 0.349727 2.885955 -0.950938
v 0.471758 3.014166 -1.609428
v 0.651335 3.019169 -0.336886
v 0.361951 3.534240 -1.134440
v 0.875004 2.548988 -1.270592
v 0.490132 3.005133 -1.090484
v 0.711248 3.100646 -1.745703
v 0.723852 3.143780 -0.430694
v 0.577120 3.658396 -1.294548
v 1.301122 3.375272 -1.455231
v 1.065170 3.753042 -0.998311
v 1.707541 3.976609 -1.217250
v 0.796479 3.267804 -0.524911
v 1.478454 4.052552 -0.510315
v 0.923087 4.026219 -1.258899
v 1.282620 3.715825 -0.832812
v 1.617443 3.780167 -1.460753
v 0.796479 3.267804 -0.524911
v 1.708628 3.184449 -1.019379
v 2.002377 3.491093 -1.053876
v 1.569280 3.948754 -0.833345
v 2.257350 4.072591 -0.568660
v 0.964572 3.520008 -0.652323
v 1.615232 4.235579 -0.154064
v 1.366686 3.766712 -1.660185
v 1.347934 4.043825 -1.053129
v 2.023177 4.114624 -1.365970
v 0.964572 3.520008 -0.652323
v 1.927702 4.023425 -0.595686
v -1.091857 3.062957 -0.309290
v -0.896983 3.476877 -0.330222
v -1.336455 3.462410 -0.594159
v -0.393605 3.356139 -0.410229
v -0.920310 3.763716 -0.747419
v 0.142373 2.990841 -0.814115
v -0.031907 3.413355 -0.784917
v 0.479719 3.422948 -0.818894
v -0.393605 3.356139 -0.410229
v 0.204941 3.784629 -0.534054
v -1.570159 3.727534 -0.637639
v -1.166300 4.114841 -0.496776
v -1.644357 4.384439 -0.837776
v -0.609724 3.782136 -0.617729
v -1.003444 4.591536 -0.889211
v -0.095354 4.088767 -1.370283
v -0.334214 4.312890 -0.895241
v 0.260569 4.545401 -0.993603
v -0.609724 3.782136 -0.617729
v 0.010089 4.445998 -0.374181
v -1.643823 3.640817 -0.421735
v -1.274590 4.136341 -0.355906
v -1.922073 4.322066 -0.530722
v -0.682512 3.923965 -0.686695
v -1.337720 4.693106 -0.754681
v -1.488500 3.297200 -0.868198
v -1.382668 3.906796 -0.809849
v -1.807199 3.771578 -1.344432
v -0.682512 3.923965 -0.686695
v -1.330875 4.321373 -1.356143
v -0.649763 3.770318 -0.460120
v -0.018765 3.405767 -0.609986
v -0.376778 3.694906 -1.304469
v -0.086516 2.725056 -0.105419
v 0.069214 2.946973 -1.287969
v -1.085025 3.419128 -0.346200
v -0.344909 3.486145 -0.381589
v -0.712961 3.802577 -1.058707
v -0.086516 2.725056 -0.105419
v 0.065937 3.414211 -1.091465
v -0.653086 3.229510 0.836837
v -0.359938 3.524129 0.261613
v -1.027441 3.899823 0.473284
v -0.152180 2.872189 -0.173372
v -0.794854 3.822116 -0.320483
v 0.499966 2.992435 -1.153200
v 0.444854 3.300994 -0.516512
v 1.204523 3.190088 -0.721730
v -0.152180 2.872189 -0.173372
v 0.946770 3.143726 0.066696
v -0.848607 3.782607 -0.767837
v -0.197079 3.609270 -0.728565
v -0.401949 3.757918 -1.441186
v -0.221054 3.011278 -0.241493
v 0.139027 3.209551 -1.263183
v 0.511994 2.899288 -1.089088
v 0.281233 3.391200 -0.688028
v 1.031356 3.432938 -0.774457
v -0.221054 3.011278 -0.241493
v 0.671917 3.639395 -0.101237
v -1.169323 3.685452 -0.595223
v -0.550162 3.811317 -0.487096
v -0.788052 4.146777 -1.075410
v -0.290229 3.150218 -0.309471
v -0.084989 3.891089 -1.016692
v -1.516795 3.592819 -0.215168
v -1.132229 3.911337 -0.608657
v -1.763114 3.778905 -0.910758
v -0.499711 3.566470 -0.512626
v -1.130608 3.795674 -1.302643
v -0.556287 4.390958 1.299120
v -0.405892 4.844242 1.011687
v -1.015118 4.851006 1.147347
v -0.026144 4.596742 0.563655
v -0.778366 5.105278 0.594982
v -0.930756 4.603085 0.776838
v -0.501415 4.958464 0.785480
v -1.017684 5.228704 0.561782
v -0.026144 4.596742 0.563655
v -0.421626 5.385084 0.347133
v 0.062161 4.643972 1.606823
v 0.070246 5.094002 1.209566
v -0.282764 5.255946 1.758280
v -0.036523 4.763343 0.617721
v -0.453385 5.492733 1.118945
v -0.977406 4.583708 0.909154
v -0.592030 5.044019 0.907158
v -1.207152 5.236751 0.716347
v -0.036523 4.763343 0.617721
v -0.624195 5.527813 0.452958
v 0.696741 4.254554 -0.403536
v 0.749864 3.895364 0.188942
v 1.402569 3.849160 -0.232170
v 0.045313 3.529765 0.221521
v 1.139792 3.233852 0.230551
v 0.463260 4.038059 1.174393
v 0.156693 4.228860 0.580690
v -0.135808 4.614938 1.189691
v 0.045313 3.529765 0.221521
v -0.590353 4.408278 0.547471
v 0.963285 3.730372 0.865226
v 0.400084 4.073131 0.814142
v 0.591727 3.969768 1.521903
v 0.033868 3.692623 0.273266
v -0.147437 3.992486 1.292958
v -0.157909 4.483696 1.141428
v -0.105755 4.533884 0.517949
v -0.646527 4.910457 0.762430
v 0.022615 3.855395 0.325153
v -0.662182 4.582591 0.105025
v -0.530391 4.825716 0.559319
v -0.233625 4.588320 0.102728
v -0.824435 4.827133 -0.088144
v 0.011559 4.018095 0.377191
v -0.539546 4.264078 -0.380469
v -0.222840 4.641515 1.304040
v -0.393575 4.673200 0.721167
v -0.929290 4.706109 1.140400
v 0.000704 4.180835 0.429387
v -0.965195 4.393881 0.501526
v -0.231303 5.161726 0.329831
v -0.375977 4.635116 0.062164
v -0.925567 5.025753 0.157987
v 0.000704 4.180835 0.429387
v -0.953336 4.315202 0.193783
v -0.837089 4.968997 0.461572
v -0.248341 4.975550 0.259435
v -0.687311 5.219187 -0.224182
v -0.009950 4.343528 0.481747
v -0.086629 4.844608 -0.397306
v 0.849204 4.406604 -1.083037
v 0.730662 4.843954 -0.757276
v 1.323379 4.859339 -0.954732
v 0.397892 4.571551 -0.285922
v 1.145507 5.083260 -0.367318
v 0.594759 4.601748 0.623010
v 0.354426 4.929322 0.240410
v 0.031150 4.926478 0.775222
v 0.397892 4.571551 -0.285922
v -0.259198 4.980266 0.192436
v 1.340404 4.601028 -0.679177
v 1.028951 5.047079 -0.423629
v 1.660553 5.023064 -0.192298
v 0.427530 4.742651 -0.290113
v 1.119695 5.220937 0.211970
v 1.428122 4.792574 -0.265509
v 0.972344 5.099273 -0.509374
v 1.434418 5.511770 -0.246037
v 0.427530 4.742651 -0.290113
v 0.748062 5.666773 -0.244631
v 0.806481 3.842505 -0.980135
v 0.516457 4.134259 -0.419479
v 1.224403 4.426768 -0.559560
v 0.204714 3.504301 -0.049039
v 0.932382 4.337949 0.195132
v 1.273240 3.870387 0.210955
v 0.657520 4.149795 0.048509
v 0.997256 4.530106 0.636993
v 0.204714 3.504301 -0.049039
v 0.189493 4.443936 0.583917
v -0.420628 4.549816 -0.063329
v -0.182583 4.141597 -0.526593
v -0.900615 4.288101 -0.636577
v 0.233047 3.663660 -0.113272
v -0.586738 3.602119 -0.812856
v 0.768714 4.549525 -0.491905
v 0.406468 4.383942 0.036566
v 1.006537 4.773463 0.229751
v 0.233047 3.663660 -0.113272
v 0.713421 4.215053 0.679668
v 0.080935 4.281550 -1.162052
v 0.418686 4.460031 -0.706550
v 0.743832 4.509067 -1.285374
v 0.291252 3.981614 -0.241387
v 1.067195 4.350568 -0.689840
v 0.661630 4.689524 -0.826607
v 0.462029 4.638217 -0.268988
v 1.020025 5.000245 -0.296127
v 0.291252 3.981614 -0.241387
v 0.870731 4.587639 0.244071
v 0.660344 3.893085 -1.180249
v 0.289399 4.355594 -0.989008
v 0.684943 4.551694 -1.529130
v 0.351728 4.311497 -0.280385
v 0.492373 5.014371 -0.999304
v 0.901929 3.496602 0.760651
v 0.708273 4.066148 0.444809
v 0.957516 4.208855 1.149356
v 0.045673 3.844593 0.104762
v 0.373989 4.630954 0.811717
v -0.915863 3.484977 -0.375465
v -0.656606 4.067856 -0.141629
v -1.012999 4.167905 -0.806346
v 0.045673 3.844593 0.104762
v -0.370055 4.589072 -0.601623
v 0.664108 4.823181 0.817891
v 0.497246 5.268848 0.552880
v 0.690597 5.402615 1.115695
v -0.027108 5.069477 0.282169
v 0.214794 5.720752 0.834599
v -0.919268 4.938210 0.172637
v -0.581840 5.352408 0.278827
v -1.005219 5.508470 -0.131579
v -0.027108 5.069477 0.282169
v -0.412740 5.743696 -0.147389
v 0.268657 5.054620 1.216726
v 0.185971 5.523907 0.874545
v -0.036439 5.627939 1.483858
v -0.037003 5.244677 0.306920
v -0.338073 5.902878 0.931515
v -0.928898 5.030216 0.647340
v -0.573015 5.495919 0.622391
v -1.191976 5.657539 0.473002
v -0.037003 5.244677 0.306920
v -0.651970 5.965698 0.181302
v 0.877349 4.214961 0.818340
v 0.637993 4.522293 0.295295
v 0.858744 4.995309 0.806035
v 0.028773 4.119718 0.145231
v 0.261704 5.135610 0.351333
v -0.231822 4.471681 -0.849625
v -0.301060 4.670939 -0.232516
v -0.099696 5.219849 -0.670101
v 0.028773 4.119718 0.145231
v 0.128036 5.173786 0.057163
v 0.823080 4.766647 -0.248136
v 0.456720 4.957613 0.167264
v 1.083237 5.054667 0.335984
v 0.008230 4.461380 0.195008
v 0.597861 4.909217 0.798222
v -0.158328 4.577973 1.150348
v -0.334066 4.818964 0.646082
v -0.837209 4.727077 1.056952
v 0.008230 4.461380 0.195008
v -0.905468 4.673135 0.376628
v -0.842363 5.269495 -0.129364
v -0.356765 5.413368 0.217646
v -0.487760 5.902233 -0.247640
v -0.011821 4.803282 0.244226
v 0.180270 5.744414 -0.034582
v 0.818981 5.544023 0.653222
v 0.249001 5.675744 0.388014
v 0.384192 6.104838 0.949203
v -0.023381 5.004271 0.272883
v -0.310872 5.874413 0.778321
v -0.032965 3.474048 -1.002144
v -0.152109 4.019321 -0.609267
v 0.175221 4.216938 -1.271069
v 0.075620 3.765794 0.092918
v 0.319370 4.609144 -0.589993
v 0.734710 3.310780 0.902300
v 0.686289 3.899642 0.560585
v 0.811258 4.017335 1.305373
v 0.075620 3.765794 0.092918
v 0.366381 4.512993 0.863924
v 0.382500 3.817239 -0.898184
v 0.213547 4.283132 -0.524819
v 0.768010 4.452026 -0.907989
v 0.081313 3.943438 0.083695
v 0.674201 4.699389 -0.231489
v 0.874616 3.720625 0.709797
v 0.697300 4.185662 0.339252
v 0.943892 4.421953 0.944341
v 0.081313 3.943438 0.083695
v 0.408299 4.757474 0.586283
v 0.808211 3.980145 -0.470138
v 0.518187 4.490706 -0.451776
v 1.163890 4.583069 -0.537246
v 0.094850 4.392228 0.060756
v 0.774326 5.022546 -0.179352
v 0.294366 5.548312 0.059745
v 0.350406 5.079989 0.432944
v 0.899429 5.469990 0.441984
v 0.099754 4.565808 0.052032
v 0.932856 4.771810 0.526791
v -0.123185 5.735993 -0.034492
v 0.203620 5.317050 -0.345415
v -0.166729 5.714494 -0.769810
v 0.104472 4.739400 0.043394
v -0.034927 5.020010 -0.910224
v 0.609458 4.907150 -0.834152
v 0.488655 5.209717 -0.311804
v 1.145885 5.289561 -0.503911
v 0.104472 4.739400 0.043394
v 0.947909 5.263302 0.188558
v -0.342220 5.502584 -0.819180
v -0.157693 5.691832 -0.231848
v -0.005141 6.190248 -0.730322
v 0.150180 5.079338 0.035551
v 0.433272 6.076430 -0.127538
v 1.184846 5.136821 0.157242
v 0.726121 5.337211 -0.248024
v 1.175427 5.873038 -0.071443
v 0.124937 5.018002 0.032897
v 0.442413 5.989608 -0.204153
vt -0.829590 1.688965
vt -0.532227 1.138794
vt -0.496338 1.688965
vt -1.900391 4.906250
vt -2.654297 6.300781
vt -2.232422 4.906250
vt -1.566406 4.906250
vt -2.320312 6.300781
vt 0.280273 4.654297
vt -0.314209 6.015625
vt -0.386230 4.654297
vt 0.946777 4.654297
vt 0.352051 6.015625
vt 1.494141 0.038574
vt 2.437500 1.988281
vt 0.827637 0.038574
vt 3.789062 4.783203
vt 1.771484 1.988281
vt 3.123047 4.783203
vt 1.104492 1.988281
vt 2.457031 4.783203
vt 0.437988 1.988281
vt 1.312500 0.328613
vt 1.065430 0.783691
vt 0.896484 0.328613
vt -1.541992 5.593750
vt 0.732422 0.783691
vt -1.875000 5.593750
vt 0.399414 0.783691
vt -2.207031 5.593750
vt 0.066101 0.783691
vt 2.455078 -0.246094
vt 2.378906 0.005859
vt 1.946289 -0.246094
vt 2.966797 -0.246094
vt 2.884766 0.005859
vt 3.468750 -0.246094
vt 3.392578 0.005859
vt 3.316406 0.257812
vt 2.378906 0.005859
vt 2.689453 0.257812
vt 2.863281 1.770020
vt 2.111328 0.257812
vt 2.787109 2.021484
vt 2.259766 1.770020
vt 2.185547 2.021484
vt 1.662109 1.770020
vt 1.586914 2.021484
vt 1.062500 1.770020
vt 0.987793 2.021484
vt 1.875000 0.005859
vt 1.946289 -0.246094
vt 1.458008 -0.246094
vt 1.387695 0.005859
vt 1.510742 0.257812
vt 0.970703 -0.246094
vt 0.900879 0.005859
vt 0.900879 0.005859
vt 0.468750 -0.246094
vt 0.393066 0.005859
vt 0.908691 0.257812
vt 0.317383 0.257812
vt 0.464111 1.770020
vt -0.136230 1.770020
vt 0.388428 2.021484
vt -0.211792 2.021484
vt 1.510742 0.257812
vt 1.662109 1.770020
vt 2.111328 0.257812
vt 2.259766 1.770020
vt 2.689453 0.257812
vt 2.863281 1.770020
vt 0.947266 1.026413
vt 0.697754 1.525879
vt 0.200317 1.026413
vt 0.031464 1.525879
vt 0.200317 1.026413
vt -0.303223 1.026413
vt -0.634766 1.525879
vt -1.051758 1.026413
vt -1.301758 1.525879
vt 0.425293 2.072266
vt 0.031464 1.525879
vt -0.241211 2.072266
vt -0.634766 1.525879
vt -0.269775 3.466797
vt -0.907715 2.072266
vt -1.301758 1.525879
vt -1.574219 2.072266
vt -0.936523 3.466797
vt -1.648438 6.230469
vt -1.602539 3.466797
vt -2.314453 6.230469
vt -2.269531 3.466797
vt -2.980469 6.230469
vt -2.232422 4.906250
vt -2.986328 6.300781
vt -2.566406 4.906250
vt -2.566406 4.906250
vt -1.815430 3.513672
vt -1.482422 3.513672
vt -1.090820 2.172852
vt -1.900391 4.906250
vt -0.757812 2.172852
vt -0.829590 1.688965
vt -1.148438 3.513672
vt -1.566406 4.906250
vt -0.496338 1.688965
vt -0.815430 3.513672
vt -0.424561 2.172852
vt -0.091370 2.172852
vt -0.160278 1.138794
vt -0.532227 1.138794
vt -0.163086 1.688965
vt 0.170166 1.688965
vt 0.103760 1.138794
vt 0.467285 1.138794
vt 1.216797 -0.535156
vt 1.494141 0.038574
vt 0.515625 -0.535156
vt 0.827637 0.038574
vt 0.017609 -0.535156
vt 1.771484 1.988281
vt 2.437500 1.988281
vt 0.161133 0.038574
vt -0.782715 -0.535156
vt 1.104492 1.988281
vt -0.505371 0.038574
vt 0.437988 1.988281
vt 0.066101 0.783691
vt 0.312744 0.328613
vt 0.399414 0.783691
vt 0.749023 0.328613
vt 0.732422 0.783691
vt 0.896484 0.328613
vt 1.065430 0.783691
vt 2.560547 2.777344
vt 2.484375 3.027344
vt 1.809570 2.777344
vt 1.485352 3.027344
vt 1.809570 2.777344
vt 1.884766 2.525391
vt 2.636719 2.525391
vt 1.059570 2.777344
vt 1.959961 2.273438
vt 2.710938 2.273438
vt 1.134766 2.525391
vt 2.787109 2.021484
vt 2.185547 2.021484
vt 1.586914 2.021484
vt 1.209961 2.273438
vt 0.987793 2.021484
vt 0.388428 2.021484
vt 0.462402 2.273438
vt -0.211792 2.021484
vt -0.287354 2.273438
vt 0.386963 2.525391
vt -0.287354 2.273438
vt -0.362793 2.525391
vt 0.311523 2.777344
vt -0.438232 2.777344
vt 0.486328 3.027344
vt -0.513672 3.027344
vt -0.386230 4.654297
vt -0.980957 6.015625
vt -1.052734 4.654297
vt 0.384766 1.359375
vt 1.050781 1.359375
vt 0.643066 0.767090
vt 0.280273 4.654297
vt 1.402344 0.767090
vt 1.717773 1.359375
vt 0.946777 4.654297
vt 1.945312 0.767090
vt 2.384766 1.359375
vt 2.642578 0.767090
vt 2.484375 3.027344
vt 2.333984 3.529297
vt 1.485352 3.027344
vt 1.334961 3.529297
vt 0.486328 3.027344
vt 2.259766 3.779297
vt 0.335449 3.529297
vt -0.513672 3.027344
vt -0.664062 3.529297
vt 1.259766 3.779297
vt 2.183594 4.031250
vt 1.184570 4.031250
vt 0.260254 3.779297
vt -0.739258 3.779297
vt 0.185181 4.031250
vt -0.814453 4.031250
vt 0.110596 4.279297
vt -0.889160 4.279297
vt 0.185181 4.031250
vt 1.110352 4.279297
vt 1.184570 4.031250
vt 2.183594 4.031250
vt 2.109375 4.279297
vt 2.035156 4.529297
vt 1.035156 4.529297
vt 1.959961 4.779297
vt 0.110596 4.279297
vt 0.035614 4.529297
vt 0.960449 4.779297
vt -0.889160 4.279297
vt -0.964355 4.529297
vt -0.039062 4.779297
vt 1.110352 -0.426758
vt 1.350586 0.124512
vt 0.422119 -0.426758
vt 0.684082 0.124512
vt 3.384766 4.791016
vt -0.147949 -0.426758
vt 0.017639 0.124512
vt 2.718750 4.791016
vt -0.889160 -0.426758
vt -0.648926 0.124512
vt 2.050781 4.791016
vt 2.656250 1.127075
vt 2.955078 1.650391
vt 1.888672 1.127075
vt 2.287109 1.650391
vt 1.296875 1.127075
vt 4.039062 3.548828
vt 1.621094 1.650391
vt 0.656250 1.127075
vt 0.955078 1.650391
vt 3.373047 3.548828
vt 5.628906 6.335938
vt 2.705078 3.548828
vt 4.964844 6.335938
vt 2.039062 3.548828
vt 4.296875 6.335938
vt 1.219727 0.822876
vt 0.911133 1.338623
vt 0.830566 0.822876
vt 0.578125 1.338623
vt 0.591797 0.822876
vt 0.552734 1.938477
vt 0.244751 1.338623
vt 0.219849 0.822876
vt -0.088501 1.338623
vt 0.219482 1.938477
vt -1.088867 4.685547
vt -0.113831 1.938477
vt -0.447021 1.938477
vt -1.422852 4.685547
vt -1.920898 6.078125
vt -1.755859 4.685547
vt -2.253906 6.078125
vt -2.087891 4.685547
vt -2.587891 6.078125
vt 2.396484 0.020020
vt 2.638672 0.584229
vt 1.598633 0.020020
vt 1.972656 0.584229
vt 4.679688 5.347656
vt 0.984863 0.020020
vt 1.306641 0.584229
vt 4.015625 5.347656
vt 0.398193 0.020020
vt 0.640137 0.584229
vt 3.347656 5.347656
vt 0.751465 -0.652344
vt 0.988770 -0.096680
vt -0.115662 -0.652344
vt 0.322266 -0.096680
vt -0.669434 -0.652344
vt 1.862305 1.944824
vt -0.343994 -0.096680
vt -1.248047 -0.652344
vt -1.010742 -0.096680
vt 1.195312 1.944824
vt 3.037109 4.691406
vt 0.528809 1.944824
vt 2.369141 4.691406
vt -0.137329 1.944824
vt 1.704102 4.691406
vt 2.519531 -0.177734
vt 2.214844 0.529541
vt 1.852539 -0.177734
vt 1.548828 0.529541
vt 0.149414 5.339844
vt 1.186523 -0.177734
vt 0.882324 0.529541
vt -0.517090 5.339844
vt 0.519531 -0.177734
vt 0.216064 0.529541
vt -1.183594 5.339844
vt 1.450195 0.126465
vt 1.820312 0.837280
vt 1.117188 0.126465
vt 1.487305 0.837280
vt 0.784180 0.126465
vt 3.611328 4.281250
vt 1.153320 0.837280
vt 0.450684 0.126465
vt 0.820312 0.837280
vt 3.277344 4.281250
vt 4.335938 5.671875
vt 2.945312 4.281250
vt 4.000000 5.671875
vt 2.611328 4.281250
vt 3.667969 5.671875
vt 0.000500 0.655518
vt 0.463867 0.489746
vt 0.515137 0.999500
vt 0.505859 0.000977
vt 0.999023 0.641602
vt 0.000500 0.655518
vt 0.463867 0.489746
vt 0.515137 0.999500
vt 0.505859 0.000977
vt 0.999023 0.641602
vt 0.000500 0.655518
vt 0.463867 0.489746
vt 0.515137 0.999500
vt 0.505859 0.000977
vt 0.999023 0.641602
vt 0.000500 0.655518
vt 0.463867 0.489746
vt 0.515137 0.999500
vt 0.505859 0.000977
vt 0.999023 0.641602
vt 0.000500 0.655518
vt 0.463867 0.489746
vt 0.515137 0.999500
vt 0.505859 0.000977
vt 0.999023 0.641602
vt 0.000500 0.655518
vt 0.463867 0.489746
vt 0.515137 0.999500
vt 0.505859 0.000977
vt 0.999023 0.641602
vt 0.000500 0.655518
vt 0.463867 0.489746
vt 0.515137 0.999500
vt 0.505859 0.000977
vt 0.999023 0.641602
vt 0.000500 0.655518
vt 0.463867 0.489746
vt 0.515137 0.999500
vt 0.505859 0.000977
vt 0.999023 0.641602
vt 0.000500 0.655518
vt 0.463867 0.489746
vt 0.515137 0.999500
vt 0.505859 0.000977
vt 0.999023 0.641602
vt 0.000500 0.655518
vt 0.463867 0.489746
vt 0.515137 0.999500
vt 0.505859 0.000977
vt 0.999023 0.641602
vt 0.000500 0.655518
vt 0.463867 0.489746
vt 0.515137 0.999500
vt 0.505859 0.000977
vt 0.999023 0.641602
vt 0.000500 0.655518
vt 0.463867 0.489746
vt 0.515137 0.999500
vt 0.505859 0.000977
vt 0.999023 0.641602
vt 0.000500 0.655518
vt 0.463867 0.489746
vt 0.515137 0.999500
vt 0.505859 0.000977
vt 0.999023 0.641602
vt 0.000500 0.655518
vt 0.463867 0.489746
vt 0.515137 0.999500
vt 0.505859 0.000977
vt 0.999023 0.641602
vt 0.000500 0.655518
vt 0.463867 0.489746
vt 0.515137 0.999500
vt 0.505859 0.000977
vt 0.999023 0.641602
vt 0.000500 0.655518
vt 0.463867 0.489746
vt 0.515137 0.999500
vt 0.505859 0.000977
vt 0.999023 0.641602
vt 0.000500 0.655518
vt 0.463867 0.489746
vt 0.515137 0.999500
vt 0.505859 0.000977
vt 0.999023 0.641602
vt 0.000500 0.655518
vt 0.463867 0.489746
vt 0.515137 0.999500
vt 0.505859 0.000977
vt 0.999023 0.641602
vt 0.000500 0.655518
vt 0.463867 0.489746
vt 0.515137 0.999500
vt 0.505859 0.000977
vt 0.999023 0.641602
vt 0.000500 0.655518
vt 0.463867 0.489746
vt 0.515137 0.999500
vt 0.505859 0.000977
vt 0.999023 0.641602
vt 0.000500 0.655518
vt 0.463867 0.489746
vt 0.515137 0.999500
vt 0.505859 0.000977
vt 0.999023 0.641602
vt 0.000500 0.655518
vt 0.463867 0.489746
vt 0.515137 0.999500
vt 0.505859 0.000977
vt 0.999023 0.641602
vt 0.000500 0.655518
vt 0.463867 0.489746
vt 0.515137 0.999500
vt 0.505859 0.000977
vt 0.999023 0.641602
vt 0.000500 0.655518
vt 0.463867 0.489746
vt 0.515137 0.999500
vt 0.505859 0.000977
vt 0.999023 0.641602
vt 0.000500 0.655518
vt 0.463867 0.489746
vt 0.515137 0.999500
vt 0.505859 0.000977
vt 0.999023 0.641602
vt 0.000500 0.655518
vt 0.463867 0.489746
vt 0.515137 0.999500
vt 0.505859 0.000977
vt 0.999023 0.641602
vt 0.000500 0.655518
vt 0.463867 0.489746
vt 0.515137 0.999500
vt 0.505859 0.000977
vt 0.999023 0.641602
vt 0.000500 0.655518
vt 0.463867 0.489746
vt 0.515137 0.999500
vt 0.505859 0.000977
vt 0.999023 0.641602
vt 0.000500 0.655518
vt 0.463867 0.489746
vt 0.515137 0.999500
vt 0.505859 0.000977
vt 0.999023 0.641602
vt 0.000500 0.655518
vt 0.463867 0.489746
vt 0.515137 0.999500
vt 0.505859 0.000977
vt 0.999023 0.641602
vt 0.000500 0.655518
vt 0.463867 0.489746
vt 0.515137 0.999500
vt 0.505859 0.000977
vt 0.999023 0.641602
vt 0.000500 0.655518
vt 0.463867 0.489746
vt 0.515137 0.999500
vt 0.505859 0.000977
vt 0.999023 0.641602
vt 0.000500 0.655518
vt 0.463867 0.489746
vt 0.515137 0.999500
vt 0.505859 0.000977
vt 0.999023 0.641602
vt 0.000500 0.655518
vt 0.463867 0.489746
vt 0.515137 0.999500
vt 0.505859 0.000977
vt 0.999023 0.641602
vt 0.000500 0.655518
vt 0.463867 0.489746
vt 0.515137 0.999500
vt 0.505859 0.000977
vt 0.999023 0.641602
vt 0.000500 0.655518
vt 0.463867 0.489746
vt 0.515137 0.999500
vt 0.505859 0.000977
vt 0.999023 0.641602
vt 0.000500 0.655518
vt 0.463867 0.489746
vt 0.515137 0.999500
vt 0.505859 0.000977
vt 0.999023 0.641602
vt 0.000500 0.655518
vt 0.463867 0.489746
vt 0.515137 0.999500
vt 0.505859 0.000977
vt 0.999023 0.641602
vt 0.000500 0.655518
vt 0.463867 0.489746
vt 0.515137 0.999500
vt 0.505859 0.000977
vt 0.999023 0.641602
vt 0.000500 0.655518
vt 0.463867 0.489746
vt 0.515137 0.999500
vt 0.505859 0.000977
vt 0.999023 0.641602
vt 0.000500 0.655518
vt 0.463867 0.489746
vt 0.515137 0.999500
vt 0.505859 0.000977
vt 0.999023 0.641602
vt 0.000500 0.655518
vt 0.463867 0.489746
vt 0.515137 0.999500
vt 0.505859 0.000977
vt 0.999023 0.641602
vt 0.000500 0.655518
vt 0.463867 0.489746
vt 0.515137 0.999500
vt 0.505859 0.000977
vt 0.999023 0.641602
vt 0.000500 0.655518
vt 0.463867 0.489746
vt 0.515137 0.999500
vt 0.505859 0.000977
vt 0.999023 0.641602
vt 0.000500 0.655518
vt 0.463867 0.489746
vt 0.515137 0.999500
vt 0.505859 0.000977
vt 0.999023 0.641602
vt 0.000500 0.655518
vt 0.463867 0.489746
vt 0.515137 0.999500
vt 0.505859 0.000977
vt 0.999023 0.641602
vt 0.000500 0.655518
vt 0.463867 0.489746
vt 0.515137 0.999500
vt 0.505859 0.000977
vt 0.999023 0.641602
vt 0.000500 0.655518
vt 0.463867 0.489746
vt 0.515137 0.999500
vt 0.505859 0.000977
vt 0.999023 0.641602
vt 0.000500 0.655518
vt 0.463867 0.489746
vt 0.515137 0.999500
vt 0.505859 0.000977
vt 0.999023 0.641602
vt 0.000500 0.655518
vt 0.463867 0.489746
vt 0.515137 0.999500
vt 0.505859 0.000977
vt 0.999023 0.641602
vt 0.000500 0.655518
vt 0.463867 0.489746
vt 0.515137 0.999500
vt 0.505859 0.000977
vt 0.999023 0.641602
vt 0.000500 0.655518
vt 0.463867 0.489746
vt 0.515137 0.999500
vt 0.505859 0.000977
vt 0.999023 0.641602
vt 0.000500 0.655518
vt 0.463867 0.489746
vt 0.515137 0.999500
vt 0.505859 0.000977
vt 0.999023 0.641602
vt 0.000500 0.655518
vt 0.463867 0.489746
vt 0.515137 0.999500
vt 0.505859 0.000977
vt 0.999023 0.641602
vt 0.000500 0.655518
vt 0.463867 0.489746
vt 0.515137 0.999500
vt 0.505859 0.000977
vt 0.999023 0.641602
vt 0.000500 0.655518
vt 0.463867 0.489746
vt 0.515137 0.999500
vt 0.505859 0.000977
vt 0.999023 0.641602
vt 0.000500 0.655518
vt 0.463867 0.489746
vt 0.515137 0.999500
vt 0.505859 0.000977
vt 0.999023 0.641602
vt 0.000500 0.655518
vt 0.463867 0.489746
vt 0.515137 0.999500
vt 0.505859 0.000977
vt 0.999023 0.641602
vt 0.000500 0.655518
vt 0.463867 0.489746
vt 0.515137 0.999500
vt 0.505859 0.000977
vt 0.999023 0.641602
vt 0.000500 0.655518
vt 0.463867 0.489746
vt 0.515137 0.999500
vt 0.505859 0.000977
vt 0.999023 0.641602
vt 0.000500 0.655518
vt 0.463867 0.489746
vt 0.515137 0.999500
vt 0.505859 0.000977
vt 0.999023 0.641602
vt 0.000500 0.655518
vt 0.463867 0.489746
vt 0.515137 0.999500
vt 0.505859 0.000977
vt 0.999023 0.641602
vt 0.000500 0.655518
vt 0.463867 0.489746
vt 0.515137 0.999500
vt 0.505859 0.000977
vt 0.999023 0.641602
vt 0.000500 0.655518
vt 0.463867 0.489746
vt 0.515137 0.999500
vt 0.505859 0.000977
vt 0.999023 0.641602
vt 0.000500 0.655518
vt 0.463867 0.489746
vt 0.515137 0.999500
vt 0.505859 0.000977
vt 0.999023 0.641602
vt 0.000500 0.655518
vt 0.463867 0.489746
vt 0.515137 0.999500
vt 0.505859 0.000977
vt 0.999023 0.641602
vt 0.000500 0.655518
vt 0.463867 0.489746
vt 0.515137 0.999500
vt 0.505859 0.000977
vt 0.999023 0.641602
vt 0.000500 0.655518
vt 0.463867 0.489746
vt 0.515137 0.999500
vt 0.505859 0.000977
vt 0.999023 0.641602
vt 0.000500 0.655518
vt 0.463867 0.489746
vt 0.515137 0.999500
vt 0.505859 0.000977
vt 0.999023 0.641602
vt 0.000500 0.655518
vt 0.463867 0.489746
vt 0.515137 0.999500
vt 0.505859 0.000977
vt 0.999023 0.641602
vt 0.000500 0.655518
vt 0.463867 0.489746
vt 0.515137 0.999500
vt 0.505859 0.000977
vt 0.999023 0.641602
vt 0.000500 0.655518
vt 0.463867 0.489746
vt 0.515137 0.999500
vt 0.505859 0.000977
vt 0.999023 0.641602
vt 0.000500 0.655518
vt 0.463867 0.489746
vt 0.515137 0.999500
vt 0.505859 0.000977
vt 0.999023 0.641602
vt 0.000500 0.655518
vt 0.463867 0.489746
vt 0.515137 0.999500
vt 0.505859 0.000977
vt 0.999023 0.641602
vt 0.000500 0.655518
vt 0.463867 0.489746
vt 0.515137 0.999500
vt 0.505859 0.000977
vt 0.999023 0.641602
vt 0.000500 0.655518
vt 0.463867 0.489746
vt 0.515137 0.999500
vt 0.505859 0.000977
vt 0.999023 0.641602
vt 0.000500 0.655518
vt 0.463867 0.489746
vt 0.515137 0.999500
vt 0.505859 0.000977
vt 0.999023 0.641602
vt 0.000500 0.655518
vt 0.463867 0.489746
vt 0.515137 0.999500
vt 0.505859 0.000977
vt 0.999023 0.641602
vt 0.000500 0.655518
vt 0.463867 0.489746
vt 0.515137 0.999500
vt 0.505859 0.000977
vt 0.999023 0.641602
vt 0.000500 0.655518
vt 0.463867 0.489746
vt 0.515137 0.999500
vt 0.505859 0.000977
vt 0.999023 0.641602
vt 0.000500 0.655518
vt 0.463867 0.489746
vt 0.515137 0.999500
vt 0.505859 0.000977
vt 0.999023 0.641602
vt 0.000500 0.655518
vt 0.463867 0.489746
vt 0.515137 0.999500
vt 0.505859 0.000977
vt 0.999023 0.641602
vt 0.000500 0.655518
vt 0.463867 0.489746
vt 0.515137 0.999500
vt 0.505859 0.000977
vt 0.999023 0.641602
vt 0.000500 0.655518
vt 0.463867 0.489746
vt 0.515137 0.999500
vt 0.505859 0.000977
vt 0.999023 0.641602
vt 0.000500 0.655518
vt 0.463867 0.489746
vt 0.515137 0.999500
vt 0.505859 0.000977
vt 0.999023 0.641602
vt 0.000500 0.655518
vt 0.463867 0.489746
vt 0.515137 0.999500
vt 0.505859 0.000977
vt 0.999023 0.641602
vt 0.000500 0.655518
vt 0.463867 0.489746
vt 0.515137 0.999500
vt 0.505859 0.000977
vt 0.999023 0.641602
vt 0.000500 0.655518
vt 0.463867 0.489746
vt 0.515137 0.999500
vt 0.505859 0.000977
vt 0.999023 0.641602
vt 0.000500 0.655518
vt 0.463867 0.489746
vt 0.515137 0.999500
vt 0.505859 0.000977
vt 0.999023 0.641602
vt 0.000500 0.655518
vt 0.463867 0.489746
vt 0.515137 0.999500
vt 0.505859 0.000977
vt 0.999023 0.641602
vt 0.000500 0.655518
vt 0.463867 0.489746
vt 0.515137 0.999500
vt 0.505859 0.000977
vt 0.999023 0.641602
vt 0.000500 0.655518
vt 0.463867 0.489746
vt 0.515137 0.999500
vt 0.505859 0.000977
vt 0.999023 0.641602
vt 0.000500 0.655518
vt 0.463867 0.489746
vt 0.515137 0.999500
vt 0.505859 0.000977
vt 0.999023 0.641602
vt 0.000500 0.655518
vt 0.463867 0.489746
vt 0.515137 0.999500
vt 0.505859 0.000977
vt 0.999023 0.641602
vt 0.000500 0.655518
vt 0.463867 0.489746
vt 0.515137 0.999500
vt 0.505859 0.000977
vt 0.999023 0.641602
vt 0.000500 0.655518
vt 0.463867 0.489746
vt 0.515137 0.999500
vt 0.505859 0.000977
vt 0.999023 0.641602
vt 0.000500 0.655518
vt 0.463867 0.489746
vt 0.515137 0.999500
vt 0.505859 0.000977
vt 0.999023 0.641602
vt 0.000500 0.655518
vt 0.463867 0.489746
vt 0.515137 0.999500
vt 0.505859 0.000977
vt 0.999023 0.641602
vt 0.000500 0.655518
vt 0.463867 0.489746
vt 0.515137 0.999500
vt 0.505859 0.000977
vt 0.999023 0.641602
vt 0.000500 0.655518
vt 0.463867 0.489746
vt 0.515137 0.999500
vt 0.505859 0.000977
vt 0.999023 0.641602
vt 0.000500 0.655518
vt 0.463867 0.489746
vt 0.515137 0.999500
vt 0.505859 0.000977
vt 0.999023 0.641602
vt 0.000500 0.655518
vt 0.463867 0.489746
vt 0.515137 0.999500
vt 0.505859 0.000977
vt 0.999023 0.641602
vt 0.000500 0.655518
vt 0.463867 0.489746
vt 0.515137 0.999500
vt 0.505859 0.000977
vt 0.999023 0.641602
vt 0.000500 0.655518
vt 0.463867 0.489746
vt 0.515137 0.999500
vt 0.505859 0.000977
vt 0.999023 0.641602
vt 0.000500 0.655518
vt 0.463867 0.489746
vt 0.515137 0.999500
vt 0.505859 0.000977
vt 0.999023 0.641602
vt 0.000500 0.655518
vt 0.463867 0.489746
vt 0.515137 0.999500
vt 0.505859 0.000977
vt 0.999023 0.641602
vt 0.000500 0.655518
vt 0.463867 0.489746
vt 0.515137 0.999500
vt 0.505859 0.000977
vt 0.999023 0.641602
vt 0.000500 0.655518
vt 0.463867 0.489746
vt 0.515137 0.999500
vt 0.505859 0.000977
vt 0.999023 0.641602
vt 0.000500 0.655518
vt 0.463867 0.489746
vt 0.515137 0.999500
vt 0.505859 0.000977
vt 0.999023 0.641602
vt 0.000500 0.655518
vt 0.463867 0.489746
vt 0.515137 0.999500
vt 0.505859 0.000977
vt 0.999023 0.641602
vt 0.000500 0.655518
vt 0.463867 0.489746
vt 0.515137 0.999500
vt 0.505859 0.000977
vt 0.999023 0.641602
vt 0.000500 0.655518
vt 0.463867 0.489746
vt 0.515137 0.999500
vt 0.505859 0.000977
vt 0.999023 0.641602
vt 0.000500 0.655518
vt 0.463867 0.489746
vt 0.515137 0.999500
vt 0.505859 0.000977
vt 0.999023 0.641602
vt 0.000500 0.655518
vt 0.463867 0.489746
vt 0.515137 0.999500
vt 0.505859 0.000977
vt 0.999023 0.641602
vt 0.000500 0.655518
vt 0.463867 0.489746
vt 0.515137 0.999500
vt 0.505859 0.000977
vt 0.999023 0.641602
vt 0.000500 0.655518
vt 0.463867 0.489746
vt 0.515137 0.999500
vt 0.505859 0.000977
vt 0.999023 0.641602
vt 0.000500 0.655518
vt 0.463867 0.489746
vt 0.515137 0.999500
vt 0.505859 0.000977
vt 0.999023 0.641602
vt 0.000500 0.655518
vt 0.463867 0.489746
vt 0.515137 0.999500
vt 0.505859 0.000977
vt 0.999023 0.641602
vt 0.000500 0.655518
vt 0.463867 0.489746
vt 0.515137 0.999500
vt 0.505859 0.000977
vt 0.999023 0.641602
vt 0.000500 0.655518
vt 0.463867 0.489746
vt 0.515137 0.999500
vt 0.505859 0.000977
vt 0.999023 0.641602
vt 0.000500 0.655518
vt 0.463867 0.489746
vt 0.515137 0.999500
vt 0.505859 0.000977
vt 0.999023 0.641602
vt 0.000500 0.655518
vt 0.463867 0.489746
vt 0.515137 0.999500
vt 0.505859 0.000977
vt 0.999023 0.641602
vt 0.000500 0.655518
vt 0.463867 0.489746
vt 0.515137 0.999500
vt 0.505859 0.000977
vt 0.999023 0.641602
vt 0.000500 0.655518
vt 0.463867 0.489746
vt 0.515137 0.999500
vt 0.505859 0.000977
vt 0.999023 0.641602
vt 0.000500 0.655518
vt 0.463867 0.489746
vt 0.515137 0.999500
vt 0.505859 0.000977
vt 0.999023 0.641602
vt 0.000500 0.655518
vt 0.463867 0.489746
vt 0.515137 0.999500
vt 0.505859 0.000977
vt 0.999023 0.641602
vt 0.000500 0.655518
vt 0.463867 0.489746
vt 0.515137 0.999500
vt 0.505859 0.000977
vt 0.999023 0.641602
vt 0.000500 0.655518
vt 0.463867 0.489746
vt 0.515137 0.999500
vt 0.505859 0.000977
vt 0.999023 0.641602
vt 0.000500 0.655518
vt 0.463867 0.489746
vt 0.515137 0.999500
vt 0.505859 0.000977
vt 0.999023 0.641602
vt 0.000500 0.655518
vt 0.463867 0.489746
vt 0.515137 0.999500
vt 0.505859 0.000977
vt 0.999023 0.641602
vt 0.000500 0.655518
vt 0.463867 0.489746
vt 0.515137 0.999500
vt 0.505859 0.000977
vt 0.999023 0.641602
vt 0.000500 0.655518
vt 0.463867 0.489746
vt 0.515137 0.999500
vt 0.505859 0.000977
vt 0.999023 0.641602
vt 0.000500 0.655518
vt 0.463867 0.489746
vt 0.515137 0.999500
vt 0.505859 0.000977
vt 0.999023 0.641602
vt 0.000500 0.655518
vt 0.463867 0.489746
vt 0.515137 0.999500
vt 0.505859 0.000977
vt 0.999023 0.641602
vt 0.000500 0.655518
vt 0.463867 0.489746
vt 0.515137 0.999500
vt 0.505859 0.000977
vt 0.999023 0.641602
vt 0.000500 0.655518
vt 0.463867 0.489746
vt 0.515137 0.999500
vt 0.505859 0.000977
vt 0.999023 0.641602
vt 0.000500 0.655518
vt 0.463867 0.489746
vt 0.515137 0.999500
vt 0.505859 0.000977
vt 0.999023 0.641602
vt 0.000500 0.655518
vt 0.463867 0.489746
vt 0.515137 0.999500
vt 0.505859 0.000977
vt 0.999023 0.641602
vt 0.000500 0.655518
vt 0.463867 0.489746
vt 0.515137 0.999500
vt 0.505859 0.000977
vt 0.999023 0.641602
vt 0.000500 0.655518
vt 0.463867 0.489746
vt 0.515137 0.999500
vt 0.505859 0.000977
vt 0.999023 0.641602
vt 0.000500 0.655518
vt 0.463867 0.489746
vt 0.515137 0.999500
vt 0.505859 0.000977
vt 0.999023 0.641602
vt 0.000500 0.655518
vt 0.463867 0.489746
vt 0.515137 0.999500
vt 0.505859 0.000977
vt 0.999023 0.641602
vt 0.000500 0.655518
vt 0.463867 0.489746
vt 0.515137 0.999500
vt 0.505859 0.000977
vt 0.999023 0.641602
vt 0.000500 0.655518
vt 0.463867 0.489746
vt 0.515137 0.999500
vt 0.505859 0.000977
vt 0.999023 0.641602
vt 0.000500 0.655518
vt 0.463867 0.489746
vt 0.515137 0.999500
vt 0.505859 0.000977
vt 0.999023 0.641602
vt 0.000500 0.655518
vt 0.463867 0.489746
vt 0.515137 0.999500
vt 0.505859 0.000977
vt 0.999023 0.641602
vt 0.000500 0.655518
vt 0.463867 0.489746
vt 0.515137 0.999500
vt 0.505859 0.000977
vt 0.999023 0.641602
vt 0.000500 0.655518
vt 0.463867 0.489746
vt 0.515137 0.999500
vt 0.505859 0.000977
vt 0.999023 0.641602
vt 0.000500 0.655518
vt 0.463867 0.489746
vt 0.515137 0.999500
vt 0.505859 0.000977
vt 0.999023 0.641602
vt 0.000500 0.655518
vt 0.463867 0.489746
vt 0.515137 0.999500
vt 0.505859 0.000977
vt 0.999023 0.641602
vt 0.000500 0.655518
vt 0.463867 0.489746
vt 0.515137 0.999500
vt 0.505859 0.000977
vt 0.999023 0.641602
vt 0.000500 0.655518
vt 0.463867 0.489746
vt 0.515137 0.999500
vt 0.505859 0.000977
vt 0.999023 0.641602
vt 0.000500 0.655518
vt 0.463867 0.489746
vt 0.515137 0.999500
vt 0.505859 0.000977
vt 0.999023 0.641602
vt 0.000500 0.655518
vt 0.463867 0.489746
vt 0.515137 0.999500
vt 0.505859 0.000977
vt 0.999023 0.641602
vt 0.000500 0.655518
vt 0.463867 0.489746
vt 0.515137 0.999500
vt 0.505859 0.000977
vt 0.999023 0.641602
vt 0.000500 0.655518
vt 0.463867 0.489746
vt 0.515137 0.999500
vt 0.505859 0.000977
vt 0.999023 0.641602
vt 0.000500 0.655518
vt 0.463867 0.489746
vt 0.515137 0.999500
vt 0.505859 0.000977
vt 0.999023 0.641602
vt 0.000500 0.655518
vt 0.463867 0.489746
vt 0.515137 0.999500
vt 0.505859 0.000977
vt 0.999023 0.641602
vt 0.000500 0.655518
vt 0.463867 0.489746
vt 0.515137 0.999500
vt 0.505859 0.000977
vt 0.999023 0.641602
vt 0.000500 0.655518
vt 0.463867 0.489746
vt 0.515137 0.999500
vt 0.505859 0.000977
vt 0.999023 0.641602
vt 0.000500 0.655518
vt 0.463867 0.489746
vt 0.515137 0.999500
vt 0.505859 0.000977
vt 0.999023 0.641602
vt 0.000500 0.655518
vt 0.463867 0.489746
vt 0.515137 0.999500
vt 0.505859 0.000977
vt 0.999023 0.641602
vt 0.000500 0.655518
vt 0.463867 0.489746
vt 0.515137 0.999500
vt 0.505859 0.000977
vt 0.999023 0.641602
vt 0.000500 0.655518
vt 0.463867 0.489746
vt 0.515137 0.999500
vt 0.505859 0.000977
vt 0.999023 0.641602
vt 0.000500 0.655518
vt 0.463867 0.489746
vt 0.515137 0.999500
vt 0.505859 0.000977
vt 0.999023 0.641602
vt 0.000500 0.655518
vt 0.463867 0.489746
vt 0.515137 0.999500
vt 0.505859 0.000977
vt 0.999023 0.641602
vt 0.000500 0.655518
vt 0.463867 0.489746
vt 0.515137 0.999500
vt 0.505859 0.000977
vt 0.999023 0.641602
vt 0.000500 0.655518
vt 0.463867 0.489746
vt 0.515137 0.999500
vt 0.505859 0.000977
vt 0.999023 0.641602
vn -0.3000 0.9001 0.3158
vn -0.7071 0.0078 0.7071
vn -0.9912 -0.0624 0.1171
vn 0.8012 -0.0635 0.5950
vn -0.9845 -0.1240 -0.1240
vn -0.8861 -0.2643 0.3808
vn -0.0078 0.7302 -0.6832
vn -0.9845 -0.1240 -0.1241
vn -0.5591 -0.0630 0.8267
vn 0.0702 -0.1171 -0.9906
vn -0.4270 -0.2485 -0.8695
vn 0.6907 0.7225 -0.0318
vn 0.0702 -0.1170 -0.9906
vn -0.2750 0.9428 -0.1885
vn -0.0314 0.7145 -0.6989
vn 0.5937 0.2137 0.7758
vn -0.9992 -0.0234 -0.0313
vn 0.7926 0.0951 0.6023
vn -0.9992 -0.0234 -0.0312
vn -0.8680 -0.0626 0.4926
vn -0.0314 0.7146 -0.6989
vn -0.0554 -0.0396 0.9977
vn -0.1254 0.7208 -0.6817
vn 0.8216 -0.0394 0.5688
vn -0.9952 -0.0855 0.0466
vn 0.8241 0.1744 0.5389
vn 0.8242 0.1743 0.5388
vn -0.9952 -0.0855 0.0467
vn -0.7850 0.0942 0.6123
vn 0.7969 0.3586 0.4861
vn 0.7820 0.3990 0.4788
vn -0.0713 -0.0000 0.9975
vn 0.8778 0.0313 -0.4781
vn 0.8862 0.0235 -0.4627
vn 0.7969 0.3587 0.4861
vn 0.0156 0.3279 -0.9446
vn 0.0156 0.1555 -0.9877
vn 0.0389 0.0932 -0.9949
vn 0.9898 0.0079 -0.1425
vn -0.0312 0.0546 -0.9980
vn 0.5456 -0.0000 0.8381
vn 0.0932 -0.0388 -0.9949
vn 0.9513 0.0314 -0.3066
vn 0.9859 -0.0552 -0.1578
vn 0.5545 -0.0238 0.8318
vn 0.5458 0.1107 0.8306
vn -0.6911 0.0157 0.7225
vn -0.5593 0.1260 0.8193
vn -0.0871 0.1663 0.9822
vn -0.8462 0.3526 0.3996
vn -0.8689 0.2818 0.4070
vn -0.5655 -0.0079 0.8247
vn -0.8478 0.0389 -0.5289
vn -0.8649 -0.0000 -0.5019
vn 0.0156 0.3278 -0.9446
vn 0.0156 0.1556 -0.9877
vn -0.9566 0.0467 -0.2878
vn -0.5655 -0.0078 0.8247
vn 0.0389 0.0933 -0.9949
vn -0.9309 0.0233 -0.3646
vn -0.9663 0.0078 -0.2572
vn 0.0933 -0.0389 -0.9949
vn -0.6911 0.0157 0.7226
vn 0.5455 0.0000 0.8381
vn -0.0312 0.0545 -0.9980
vn 0.8579 -0.0472 -0.5117
vn -0.0394 0.9708 -0.2368
vn 0.4154 0.0313 -0.9091
vn 0.1633 -0.1166 -0.9797
vn 0.4153 0.0313 -0.9091
vn 0.9955 -0.0000 -0.0948
vn 0.9826 0.1426 0.1188
vn 0.8579 -0.0472 -0.5116
vn -0.0395 0.9708 -0.2368
vn -0.4185 0.9079 0.0237
vn 0.1633 -0.1167 -0.9797
vn -0.0623 -0.1868 -0.9804
vn 0.9826 0.1426 0.1189
vn -0.6371 0.6213 0.4562
vn 0.9653 0.2611 0.0079
vn -0.4184 0.9079 0.0237
vn -0.1715 -0.0780 -0.9821
vn 0.6976 0.3013 0.6500
vn 0.9589 0.2298 0.1664
vn 0.6976 0.3013 0.6501
vn 0.6976 0.3012 0.6501
vn -0.8861 -0.2642 0.3809
vn -0.0078 0.7303 -0.6831
vn 0.1031 0.9832 -0.1506
vn -0.8861 -0.2643 0.3809
vn -0.8960 -0.1636 0.4129
vn -0.1899 0.9020 0.3877
vn -0.9538 -0.1876 0.2345
vn 0.7199 -0.2848 0.6329
vn -0.9912 -0.0625 0.1171
vn 0.3038 -0.3049 0.9026
vn -0.9205 0.0234 0.3901
vn -0.7070 0.0079 0.7071
vn -0.0395 -0.0712 0.9967
vn -0.3001 0.9001 0.3158
vn -0.2052 -0.0079 0.9787
vn -0.5513 0.1103 0.8270
vn -0.2750 0.9428 -0.1886
vn 0.3413 0.0794 0.9366
vn -0.8436 0.0781 0.5312
vn -0.8319 0.0785 0.5494
vn -0.7522 -0.0314 0.6582
vn 0.8242 0.1743 0.5389
vn 0.8215 -0.0395 0.5688
vn 0.0390 0.0468 -0.9981
vn -0.0469 0.1172 -0.9920
vn 0.9927 0.1112 0.0476
vn 0.8826 -0.0318 0.4691
vn 0.9989 0.0000 0.0476
vn 0.0468 -0.0078 -0.9989
vn -0.0635 0.1111 0.9918
vn 0.9887 -0.1423 0.0474
vn 0.0545 0.0700 -0.9961
vn -0.0555 0.0317 0.9980
vn 0.5458 0.1108 0.8306
vn -0.0633 -0.0475 0.9969
vn -0.5593 0.1261 0.8193
vn -0.9771 0.2033 -0.0625
vn -0.9956 0.0700 -0.0622
vn -0.9985 -0.0000 -0.0546
vn -0.9524 -0.0156 0.3045
vn -0.0469 0.1171 -0.9920
vn -0.4270 -0.2484 -0.8695
vn 0.6907 0.7224 -0.0317
vn -0.0317 0.9893 -0.1425
vn -0.6457 0.1167 -0.7546
vn -0.9001 0.0311 -0.4345
vn -0.7935 0.0467 -0.6068
vn -0.8022 0.1337 0.5819
vn 0.6907 0.7225 -0.0317
vn -0.9269 0.0312 0.3739
vn -0.9001 0.0310 -0.4346
vn 0.0391 0.1095 -0.9932
vn 0.8564 -0.0317 0.5154
vn -0.9524 -0.0156 0.3044
vn -0.0000 -0.0623 -0.9981
vn -0.8832 -0.0078 0.4689
vn 0.8641 0.0634 0.4994
vn 0.0156 -0.0933 -0.9955
vn 0.8581 0.0715 0.5085
vn -0.9177 0.0627 0.3922
vn 0.0000 -0.0624 -0.9981
vn -0.8968 0.0702 0.4367
vn 0.0156 -0.0934 -0.9955
vn -0.8765 0.0626 0.4774
vn 0.0078 -0.0624 -0.9980
vn -0.8969 0.0702 0.4367
vn 0.8593 0.0477 0.5092
vn -0.0000 0.0078 -1.0000
vn 0.8698 0.0554 0.4902
vn -0.9989 0.0468 -0.0078
vn -0.8615 0.1488 0.4855
vn 0.6905 0.0470 -0.7218
vn 0.1029 0.9820 -0.1584
vn 0.4053 0.0623 -0.9120
vn 0.1716 0.0625 -0.9832
vn 0.6012 0.0000 0.7991
vn 0.9996 0.0238 -0.0159
vn 0.9949 0.0790 0.0632
vn 0.6904 0.0470 -0.7219
vn 0.6013 0.0000 0.7991
vn 0.2219 -0.0158 0.9749
vn 0.3972 0.8580 0.3257
vn 0.4054 -0.0159 0.9140
vn 0.5231 -0.2695 0.8085
vn -0.5974 0.0079 0.8019
vn 0.3303 0.8651 -0.3775
vn -0.7538 0.1649 0.6360
vn 0.7076 -0.4010 0.5818
vn -0.9024 0.4237 0.0785
vn -0.8546 0.1333 0.5018
vn -0.9024 0.4238 0.0785
vn 0.9980 -0.0079 -0.0633
vn 0.2862 0.9542 0.0875
vn 0.5872 -0.0704 -0.8064
vn 0.3367 -0.0627 -0.9395
vn 0.9555 -0.0790 0.2843
vn -0.1745 0.9676 0.1824
vn 0.8861 -0.1977 0.4193
vn 0.9980 -0.0079 -0.0634
vn 0.2862 0.9542 0.0874
vn 0.0077 -0.1631 -0.9866
vn -0.4559 0.7232 0.5188
vn 0.9782 -0.0316 0.2051
vn -0.2552 -0.1238 -0.9589
vn 0.6094 -0.1979 0.7677
vn 0.9023 -0.3008 0.3087
vn 0.6095 -0.1978 0.7677
vn 0.6094 -0.1978 0.7677
vn -0.9713 0.0466 -0.2331
vn -0.3000 0.8368 0.4579
vn -0.9717 0.1088 -0.2099
vn -0.9699 -0.0388 -0.2405
vn 0.8582 0.2756 -0.4330
vn -0.1946 0.0078 -0.9809
vn 0.2573 0.2417 -0.9356
vn 0.8582 0.2756 -0.4331
vn -0.9713 0.0467 -0.2331
vn -0.3000 0.8369 0.4579
vn 0.4315 0.1177 -0.8944
vn -0.7044 0.5322 -0.4696
vn 0.8185 0.0944 -0.5667
vn 0.6024 -0.0156 -0.7980
vn 0.9079 -0.0237 0.4184
vn -0.9229 0.3519 -0.1564
vn 0.6598 0.3737 0.6519
vn 0.5469 -0.0469 -0.8359
vn -0.0477 0.2460 0.9681
vn 0.5003 0.2619 0.8253
vn -0.0476 0.2460 0.9681
vn -0.9228 0.3520 -0.1564
vn 0.5752 0.3939 -0.7170
vn 0.5681 0.4418 -0.6943
vn 0.3016 0.3650 0.8808
vn 0.3101 0.2306 0.9223
vn -0.7655 -0.0464 -0.6418
vn -0.9278 0.3352 -0.1637
vn -0.9486 0.2877 -0.1322
vn -0.7655 -0.0465 -0.6418
vn 0.5752 0.3939 -0.7169
vn -0.9048 0.4212 -0.0624
vn -0.9354 0.3430 -0.0857
vn 0.5334 0.3530 -0.7687
vn 0.5334 0.2745 -0.8001
vn 0.4215 0.3340 0.8431
vn -0.9744 0.2183 -0.0546
vn 0.4297 0.3422 0.8356
vn -0.9354 0.3430 -0.0858
vn 0.5384 -0.0000 -0.8427
vn -0.0395 0.0791 0.9961
vn 0.4750 0.0475 0.8787
vn -0.0396 0.0790 0.9961
vn -0.9744 0.2182 -0.0546
vn -0.0395 0.0790 0.9961
vn 0.1821 -0.2533 0.9501
vn 0.1658 0.3000 0.9394
vn -0.0633 0.1820 0.9813
vn 0.1821 -0.2534 0.9501
vn -0.5348 0.5269 0.6606
vn -0.3244 0.5301 0.7834
vn -0.5347 0.5269 0.6606
vn -0.9688 0.0853 -0.2325
vn -0.7723 0.5773 -0.2652
vn -0.7131 0.4030 -0.5736
vn -0.6051 0.5265 0.5972
vn -0.2961 0.6312 -0.7169
vn 0.9955 -0.0948 0.0079
vn 0.8644 0.4997 0.0555
vn 0.8966 0.3571 0.2618
vn 0.9955 -0.0949 0.0079
vn 0.8645 0.4996 0.0555
vn -0.4491 0.5436 0.7091
vn 0.5737 0.6533 0.4940
vn -0.0473 -0.4020 0.9144
vn -0.0952 0.0873 0.9916
vn -0.2995 -0.0237 0.9538
vn -0.0473 -0.4021 0.9144
vn -0.4637 0.3772 0.8017
vn -0.5044 0.3152 0.8039
vn -0.4637 0.3773 0.8017
vn 0.1510 0.4293 0.8904
vn 0.0554 0.7445 0.6653
vn -0.1112 0.6907 0.7145
vn 0.1511 0.4293 0.8904
vn -0.2535 0.4358 0.8636
vn -0.3786 0.7808 0.4969
vn -0.3786 0.7809 0.4969
vn -0.8362 -0.3595 0.4142
vn -0.8493 0.0779 0.5221
vn -0.9614 0.0312 0.2735
vn -0.4107 0.2765 0.8688
vn -0.9199 0.3742 0.1169
vn 0.7676 -0.0000 0.6409
vn 0.5907 0.3672 0.7185
vn 0.5547 0.2536 0.7924
vn 0.5908 0.3673 0.7184
vn -0.0474 0.4499 0.8918
vn 0.2850 0.3642 0.8867
vn 0.8790 -0.2772 0.3880
vn 0.9596 0.1031 0.2617
vn 0.9310 0.1274 0.3422
vn 0.8790 -0.2771 0.3880
vn 0.1665 0.4283 0.8882
vn 0.8000 0.4436 0.4040
vn 0.8000 0.4436 0.4039
vn 0.0874 0.7863 0.6116
vn 0.1422 0.7745 0.6164
vn 0.2536 0.7925 0.5547
vn 0.0000 0.7962 0.6051
vn 0.1430 0.5797 0.8022
vn 0.6579 0.0079 0.7531
vn 0.6658 -0.0396 0.7451
vn 0.7612 -0.1348 0.6343
vn 0.4209 0.3176 0.8497
vn 0.4749 -0.1741 0.8627
vn -0.5899 0.6608 0.4641
vn -0.8368 0.3285 0.4380
vn -0.7418 0.2999 0.5998
vn -0.8368 0.3284 0.4380
vn -0.6118 0.3059 0.7295
vn -0.7295 -0.0470 0.6824
vn -0.5738 0.7310 0.3694
vn -0.8211 0.5630 0.0938
vn -0.8615 0.4542 0.2271
vn -0.5738 0.7309 0.3695
vn -0.8211 0.5630 0.0939
vn -0.5889 0.4319 0.6831
vn -0.9817 0.1091 0.1558
vn -0.2365 0.0631 0.9696
vn -0.1900 0.4039 0.8949
vn -0.3559 0.3796 0.8540
vn -0.1975 0.3477 0.9166
vn -0.4863 0.5648 0.6667
vn 0.9111 -0.3249 0.2535
vn 0.9918 -0.0158 0.1269
vn 0.9858 0.0159 0.1670
vn 0.9112 -0.3248 0.2535
vn 0.9918 -0.0159 0.1270
vn 0.3492 0.4127 0.8413
vn 0.9197 0.2855 0.2696
vn -0.3005 0.7275 0.6168
vn -0.4961 0.6772 0.5434
vn -0.5039 0.6377 0.5826
vn -0.3157 0.6550 0.6865
vn -0.5457 0.4666 0.6960
vn -0.5140 0.6485 0.5615
vn -0.5441 0.6387 0.5441
vn -0.5901 0.6373 0.4957
vn -0.3227 0.7399 0.5903
vn -0.3785 0.6466 0.6623
vn 0.0785 0.6436 -0.7613
vn 0.1021 0.6204 -0.7776
vn 0.1249 0.5700 -0.8121
vn 0.2770 0.9419 -0.1900
vn -0.1560 0.5852 -0.7958
vn -0.2254 -0.0777 -0.9712
vn -0.2189 0.4612 -0.8599
vn -0.0000 0.3579 -0.9338
vn -0.2253 -0.0778 -0.9712
vn 0.4654 0.7099 -0.5286
vn 0.2443 0.6777 -0.6935
vn 0.4654 0.7100 -0.5285
vn 0.6097 -0.1719 -0.7738
vn 0.6237 0.3079 -0.7184
vn 0.7998 0.1803 -0.5725
vn 0.5602 0.6312 -0.5365
vn 0.8322 0.4755 -0.2853
vn 0.7622 -0.0629 -0.6443
vn 0.6300 0.3937 -0.6694
vn 0.8026 0.3541 -0.4800
vn 0.5578 0.6285 -0.5421
vn 0.7013 0.6697 -0.2443
vn -0.2631 -0.3328 -0.9055
vn -0.1170 0.1404 -0.9831
vn 0.0156 -0.0390 -0.9991
vn -0.1170 0.1405 -0.9832
vn 0.3849 0.6833 -0.6205
vn 0.2979 0.2038 -0.9326
vn 0.3849 0.6833 -0.6204
vn 0.8768 0.3239 -0.3555
vn 0.7689 0.6104 -0.1902
vn 0.8648 0.4998 -0.0476
vn 0.5734 0.6912 -0.4399
vn 0.7949 0.5644 0.2225
vn 0.9798 -0.0316 -0.1976
vn 0.8958 0.3408 -0.2854
vn 0.9504 0.3009 -0.0792
vn 0.6301 0.5907 -0.5041
vn 0.8344 0.5484 0.0557
vn 0.6514 -0.3140 -0.6907
vn 0.6582 0.0314 -0.7522
vn 0.7483 -0.0472 -0.6617
vn 0.5668 0.5118 -0.6456
vn 0.8358 0.1182 -0.5362
vn 0.7913 0.6014 -0.1108
vn 0.5849 0.7905 -0.1818
vn 0.6049 0.7959 -0.0239
vn 0.5447 0.7026 -0.4579
vn 0.4531 0.8823 0.1272
vn -0.2479 0.0309 -0.9683
vn -0.1562 0.3123 -0.9370
vn -0.1408 0.2346 -0.9619
vn 0.2442 0.6697 -0.7013
vn 0.0389 0.2332 -0.9717
vn 0.5030 0.5579 -0.6601
vn 0.3316 0.6632 -0.6710
vn 0.3539 0.6920 -0.6292
vn 0.4242 0.6520 -0.6284
vn 0.3874 0.7906 -0.4743
vn -0.6993 0.4351 -0.5672
vn -0.6857 0.5767 -0.4442
vn -0.7240 0.5527 -0.4126
vn -0.6993 0.4351 -0.5671
vn -0.6857 0.5766 -0.4442
vn -0.1175 0.8618 -0.4935
vn -0.5851 0.5850 -0.5617
vn 0.5334 0.4001 -0.7452
vn 0.4187 0.5011 -0.7573
vn 0.4166 0.4952 -0.7624
vn 0.4489 0.5828 -0.6773
vn 0.5574 0.5338 -0.6359
vn -0.7190 -0.3170 -0.6185
vn -0.9374 0.1239 -0.3254
vn -0.8191 0.2184 -0.5304
vn -0.9374 0.1240 -0.3254
vn 0.5667 0.5667 -0.5982
vn -0.6402 0.6791 -0.3591
vn 0.9895 0.1424 -0.0238
vn 0.7852 0.6188 -0.0238
vn 0.8036 0.5172 0.2944
vn 0.6798 0.4902 -0.5455
vn 0.4299 0.7561 0.4935
vn -0.4367 0.4054 -0.8031
vn -0.4755 0.4364 -0.7638
vn -0.5692 0.4757 -0.6706
vn -0.1720 0.6097 -0.7738
vn -0.5367 0.1789 -0.8246
vn -0.6803 -0.4484 -0.5798
vn -0.8435 0.0662 -0.5331
vn -0.6508 -0.0000 -0.7592
vn -0.7363 0.6345 -0.2350
vn -0.4990 0.4367 -0.7485
vn -0.3800 -0.0620 -0.9229
vn -0.3738 0.4518 -0.8100
vn -0.0857 0.3430 -0.9354
vn -0.7061 0.6591 -0.2589
vn 0.1731 0.6765 -0.7158
vn -0.9366 -0.2554 -0.2400
vn -0.9478 0.2331 -0.2175
vn -0.8875 0.1245 -0.4437
vn -0.7022 0.7022 -0.1170
vn -0.6965 0.4540 -0.5557
vn -0.9504 0.1169 0.2882
vn -0.8215 0.5085 0.2582
vn -0.8975 0.4292 0.1014
vn -0.6454 0.7635 0.0236
vn -0.7655 0.6327 -0.1172
vn -0.9488 -0.3111 0.0545
vn -0.9898 0.1403 0.0233
vn -0.9866 0.0078 -0.1631
vn -0.7147 0.6990 -0.0236
vn -0.8940 0.2799 -0.3499
vn 0.3628 -0.0473 0.9307
vn 0.5000 0.3968 0.7698
vn 0.3628 -0.0474 0.9307
vn -0.2140 0.9748 0.0634
vn 0.2857 0.6112 0.7381
vn -0.7155 0.5055 -0.4822
vn -0.6187 0.7363 -0.2741
vn -0.5227 0.7412 -0.4213
vn -0.6440 0.7618 -0.0707
vn -0.3060 0.8709 -0.3845
vn -0.6862 0.7177 0.1183
vn -0.6544 0.7411 0.1498
vn -0.6209 0.7546 0.2122
vn -0.6210 0.7781 0.0943
vn -0.7977 0.5944 0.1016
vn -0.7056 0.2979 0.6429
vn -0.6511 0.3766 0.6590
vn -0.5924 0.3791 0.7109
vn -0.6516 0.6124 0.4475
vn -0.7383 0.1728 0.6520
vn -0.7596 0.6500 -0.0235
vn -0.7908 0.6108 0.0392
vn -0.7528 0.6352 0.1725
vn -0.7447 0.6663 -0.0392
vn -0.9300 0.3674 0.0078
vn -0.4121 0.4199 -0.8086
vn -0.4684 0.3826 -0.7964
vn -0.5600 0.3422 -0.7545
vn -0.5124 0.5202 -0.6833
vn -0.3417 0.1708 -0.9242
vn -0.7108 0.7030 0.0234
vn -0.5176 0.8547 -0.0392
vn -0.5552 0.8210 -0.1329
vn -0.5214 0.8532 -0.0158
vn -0.4929 0.8057 -0.3285
vn -0.6279 0.5809 0.5180
vn -0.6885 0.6806 0.2503
vn -0.7608 0.5804 0.2902
vn -0.5833 0.8119 -0.0236
vn -0.8689 0.4696 0.1565
vn 0.5342 0.4944 0.6857
vn 0.5821 0.6060 0.5422
vn 0.6338 0.5625 0.5309
vn 0.1190 0.9677 0.2221
vn 0.4606 0.6116 0.6433
vn -0.4385 0.5951 -0.6734
vn -0.5224 0.6550 -0.5459
vn -0.5007 0.6572 -0.5633
vn -0.6332 0.7114 -0.3049
vn -0.3518 0.7035 -0.6175
vn 0.9707 -0.0947 0.2210
vn 0.9081 0.4185 0.0158
vn 0.8808 0.4046 0.2460
vn 0.9707 -0.0948 0.2210
vn 0.9081 0.4185 0.0157
vn 0.0633 0.6566 0.7515
vn 0.5725 0.7712 0.2783
vn 0.5725 0.7712 0.2782
vn -0.7057 -0.0628 0.7057
vn -0.6043 0.4473 0.6593
vn -0.8301 0.3445 0.4385
vn -0.0557 0.5811 0.8119
vn -0.7366 0.6661 0.1175
vn 0.8763 -0.1500 0.4579
vn 0.8187 0.2146 0.5326
vn 0.7845 0.1109 0.6101
vn 0.8187 0.2147 0.5326
vn 0.4072 0.5429 0.7345
vn 0.6115 0.2383 0.7545
vn 0.7835 -0.0712 0.6173
vn 0.7540 0.2778 0.5952
vn 0.7011 0.2231 0.6772
vn 0.7540 0.2777 0.5953
vn 0.4048 0.5397 0.7381
vn 0.5238 0.3810 0.7619
vn 0.6596 0.4005 -0.6360
vn 0.4507 0.7353 -0.5061
vn 0.5105 0.6676 -0.5420
vn 0.6597 0.4004 -0.6360
vn 0.4507 0.7354 -0.5061
vn 0.2530 0.8933 0.3715
vn 0.5377 0.7750 -0.3321
vn 0.1111 0.7223 0.6826
vn 0.1271 0.8420 0.5243
vn 0.0238 0.8566 0.5155
vn 0.2707 0.6687 0.6926
vn -0.1659 0.8772 0.4505
vn -0.4092 0.2361 0.8814
vn -0.1979 0.6094 0.7678
vn -0.4347 0.6085 0.6639
vn 0.0317 0.5869 0.8090
vn -0.3878 0.8468 0.3641
vn -0.2062 0.9201 0.3331
vn -0.4329 0.8973 0.0866
vn -0.5590 0.8109 0.1732
vn 0.0079 0.7305 0.6828
vn -0.8102 0.5742 0.1180
vn -0.8102 0.5741 0.1180
vn 0.0079 0.7305 0.6829
vn 0.6518 0.4133 0.6359
vn 0.5321 0.6830 0.5004
vn 0.4601 0.6662 0.5869
vn 0.3099 0.6356 0.7071
vn 0.2218 0.7607 0.6101
vn 0.6036 0.5638 0.5638
vn 0.3588 0.7815 0.5104
vn 0.3323 0.7200 0.6093
vn 0.2143 0.6746 0.7064
vn 0.0876 0.7162 0.6923
vn -0.7775 0.1728 0.6047
vn -0.7965 -0.0625 0.6013
vn -0.7674 -0.0939 0.6343
vn -0.3403 0.3561 0.8703
vn -0.6048 -0.2043 0.7697
vn -0.7966 -0.0624 0.6013
vn -0.6048 -0.2042 0.7697
vn -0.3402 0.3560 0.8704
vn -0.8048 0.5548 -0.2110
vn -0.8984 0.3438 -0.2734
vn -0.9291 0.2655 -0.2576
vn -0.2930 0.8552 0.4276
vn -0.9961 0.0623 -0.0623
vn -0.8984 0.3438 -0.2735
vn -0.9961 0.0622 -0.0622
vn 0.7551 0.3338 0.5643
vn 0.7600 0.2455 0.6017
vn 0.7781 0.2223 0.5875
vn 0.5007 0.4371 0.7471
vn 0.8644 0.3092 0.3965
vn 0.6121 0.7791 0.1352
vn 0.4993 0.8559 0.1348
vn 0.4981 0.8619 0.0949
vn 0.3579 0.8591 0.3659
vn 0.6054 0.7567 0.2469
vn 0.1428 0.9835 -0.1110
vn 0.0948 0.9950 -0.0316
vn 0.0317 0.9990 -0.0317
vn 0.1027 0.9641 0.2450
vn 0.1662 0.9571 -0.2373
vn 0.3664 0.5416 0.7566
vn 0.4114 0.5380 0.7358
vn 0.4863 0.5102 0.7094
vn 0.3748 0.6060 0.7017
vn 0.2553 0.4388 0.8616
vn -0.7435 -0.3175 -0.5886
vn -0.7512 -0.2478 -0.6118
vn -0.6039 -0.3871 -0.6968
vn -0.8715 0.3657 -0.3268
vn -0.7558 0.0156 -0.6546
vn 0.4684 -0.1718 -0.8666
vn 0.4705 0.3372 -0.8155
vn 0.6869 0.2131 -0.6948
vn 0.4733 0.6863 -0.5522
vn 0.7499 0.5367 -0.3868
vn 0.2093 -0.2481 -0.9459
vn 0.2186 0.2732 -0.9368
vn 0.4479 0.1572 -0.8801
vn 0.2093 -0.2480 -0.9459
vn 0.2185 0.2732 -0.9368
vn 0.4506 0.6878 -0.5691
vn 0.5907 0.5040 -0.6301
vn 0.4506 0.6878 -0.5692
vn -0.2403 0.0620 -0.9687
vn -0.1877 0.5007 -0.8450
vn -0.0312 0.4060 -0.9134
vn -0.2402 0.0620 -0.9687
vn -0.1878 0.5007 -0.8450
vn 0.2524 0.7335 -0.6311
vn 0.2125 0.6295 -0.7474
vn 0.2524 0.7336 -0.6310
vn -0.2569 -0.1323 -0.9573
vn -0.2022 0.3422 -0.9176
vn -0.0468 0.2184 -0.9747
vn -0.2568 -0.1323 -0.9574
vn 0.2515 0.7151 -0.6522
vn 0.1880 0.4856 -0.8537
vn 0.2514 0.7151 -0.6522
vn -0.0157 0.8461 -0.5328
vn 0.1025 0.9460 -0.3075
vn 0.1979 0.9101 -0.3640
vn 0.0550 0.9038 -0.4244
vn 0.4097 0.8589 -0.3073
vn -0.3873 -0.0078 -0.9219
vn -0.3119 0.3353 -0.8890
vn -0.2179 0.2257 -0.9495
vn -0.0862 0.7609 -0.6431
vn -0.0156 0.3511 -0.9362
vn -0.2279 0.8645 -0.4480
vn -0.2189 0.6330 -0.7425
vn -0.4431 0.6141 -0.6530
vn 0.2663 0.6657 -0.6971
vn -0.5754 0.3343 -0.7464
vn -0.3127 0.7818 -0.5394
vn 0.0393 0.8969 -0.4406
vn 0.0394 0.8115 -0.5830
vn 0.2768 0.8068 -0.5220
vn 0.3221 0.7149 -0.6206
vn 0.9365 0.2440 -0.2518
vn 0.7919 0.5069 -0.3405
vn 0.8536 0.4821 -0.1976
vn 0.3223 0.7468 -0.5817
vn 0.7835 0.6173 -0.0712
vn 0.2219 0.9749 -0.0159
vn 0.3639 0.9257 -0.1028
vn 0.3571 0.9284 -0.1032
vn 0.3008 0.9102 -0.2849
vn 0.2140 0.9513 -0.2220
vn 0.6858 0.7257 0.0558
vn 0.7679 0.6334 0.0950
vn 0.7919 0.6019 0.1029
vn 0.4678 0.8722 -0.1427
vn 0.8009 0.5868 -0.1189
vn -0.1505 0.7523 0.6414
vn -0.0396 0.8411 0.5395
vn -0.0395 0.8216 0.5688
vn 0.1266 0.9817 0.1425
vn -0.2220 0.7848 0.5787
vn -0.0395 0.9810 -0.1898
vn -0.0712 0.9894 -0.1267
vn -0.1029 0.9894 -0.1029
vn -0.0393 0.9747 -0.2201
vn 0.0871 0.9655 -0.2453
vn -0.9637 -0.0388 0.2642
vn -0.9566 -0.0467 0.2878
vn -0.9139 -0.2031 0.3515
vn -0.8408 0.5265 0.1257
vn -0.9974 -0.0156 0.0701
vn -0.2660 0.7196 -0.6414
vn -0.2965 0.6945 -0.6555
vn -0.3984 0.6328 -0.6640
vn -0.1724 0.8073 -0.5643
vn -0.1016 0.6252 -0.7738
vn -0.4026 0.8368 0.3710
vn -0.4969 0.7808 0.3786
vn -0.3782 0.9062 0.1891
vn -0.7462 0.6362 0.1963
vn 0.5504 0.5983 0.5823
vn 0.4768 0.6994 0.5325
vn 0.3492 0.6586 0.6666
vn 0.4378 0.8438 0.3104
vn 0.3573 0.8892 0.2858
vn 0.4356 0.3247 0.8395
vn 0.3987 0.7337 0.5502
vn 0.2067 0.7076 0.6757
vn 0.3988 0.7337 0.5502
vn -0.1669 0.8029 0.5723
vn -0.0875 0.9063 0.4134
vn -0.0875 0.9064 0.4134
vn 0.4424 -0.2212 0.8691
vn 0.7224 0.1826 0.6669
vn 0.5582 0.2552 0.7895
vn 0.4425 -0.2212 0.8691
vn -0.1112 0.7706 0.6276
vn 0.4831 0.6575 0.5782
vn 0.4832 0.6574 0.5782
vn -0.0555 0.3885 0.9198
vn 0.1826 0.6669 0.7224
vn -0.0000 0.7150 0.6991
vn -0.0555 0.3886 0.9197
vn -0.0555 0.8081 0.5864
vn -0.0079 0.9183 0.3959
vn -0.0555 0.8082 0.5863
vn 0.3875 0.9095 0.1502
vn 0.2393 0.9709 -0.0026
vn 0.2294 0.9728 0.0316
vn 0.0789 0.9787 0.1894
vn 0.0790 0.9867 0.1421
vn -0.9784 0.1017 0.1800
vn -0.8704 0.3920 0.2980
vn -0.9276 0.3430 0.1481
vn -0.3951 0.7507 0.5295
vn -0.8772 0.4778 0.0470
vn -0.1113 0.9143 0.3895
vn -0.1506 0.9512 0.2694
vn -0.1737 0.9475 0.2684
vn -0.0792 0.9503 0.3010
vn -0.2998 0.8756 0.3786
vn -0.5828 0.6773 0.4490
vn -0.4420 0.7893 0.4262
vn -0.4879 0.7791 0.3935
vn -0.2058 0.8467 0.4906
vn -0.5679 0.7809 0.2603
vn 0.3333 0.6587 0.6746
vn 0.0872 0.8712 0.4831
vn 0.0080 0.7855 0.6189
vn -0.0712 0.8937 0.4429
vn -0.2846 0.7827 0.5534
vn 0.4821 0.8140 -0.3240
vn 0.2453 0.9655 -0.0870
vn 0.3885 0.9198 -0.0555
vn -0.1030 0.9505 0.2931
vn 0.3640 0.9101 0.1978
vn -0.1665 0.9589 0.2298
vn -0.4339 0.8754 0.2130
vn -0.4180 0.8519 0.3155
vn -0.2609 0.9093 0.3242
vn -0.5295 0.7034 0.4742
vn -0.4569 0.8507 0.2599
vn -0.6274 0.7372 0.2510
vn -0.6270 0.7132 0.3135
vn -0.3726 0.8721 0.3172
vn -0.6111 0.6189 0.4935
vn -0.3707 0.8677 0.3313
vn -0.5522 0.7810 0.2919
vn -0.5597 0.7489 0.3547
vn -0.3228 0.8897 0.3228
vn -0.5779 0.6334 0.5146
vn 0.1807 0.5107 -0.8406
vn 0.0157 0.7070 -0.7071
vn 0.0704 0.6652 -0.7434
vn -0.1811 0.9763 -0.1181
vn 0.2033 0.7116 -0.6725
vn 0.7477 0.2147 0.6284
vn 0.7715 0.3818 0.5090
vn 0.7868 0.3497 0.5086
vn 0.4440 0.7690 0.4598
vn 0.6618 0.4066 0.6298
vn 0.0079 0.9992 0.0396
vn 0.0397 0.9991 0.0158
vn 0.0788 0.9924 -0.0945
vn -0.0000 0.9886 0.1503
vn 0.1904 0.9598 0.2062
vn -0.7846 0.3806 -0.4894
vn -0.7565 0.4133 -0.5069
vn -0.7225 0.3185 -0.6137
vn -0.6485 0.7267 -0.2266
vn -0.6706 0.6160 -0.4133
vn -0.8843 0.4539 0.1096
vn -0.8112 0.5772 0.0936
vn -0.8367 0.5396 -0.0938
vn -0.6604 0.7155 0.2280
vn -0.5754 0.8040 0.1497
vn 0.3087 0.9500 -0.0475
vn 0.5398 0.7859 0.3016
vn 0.6655 0.7369 0.1189
vn 0.3087 0.9500 -0.0476
vn 0.5398 0.7859 0.3017
vn 0.7589 0.6482 -0.0632
vn 0.8889 0.4048 0.2143
vn 0.8889 0.4049 0.2143
vn 0.4898 0.8689 0.0711
vn 0.7506 0.5910 0.2955
vn 0.8233 0.5621 0.0791
vn 0.7506 0.5910 0.2954
vn 0.7941 0.6035 -0.0715
vn 0.9813 0.1899 0.0317
vn 0.9813 0.1899 0.0316
vn -0.6228 0.4048 -0.6695
vn -0.6058 0.7003 -0.3777
vn -0.5546 0.7030 -0.4452
vn -0.6227 0.4048 -0.6696
vn -0.6059 0.7002 -0.3776
vn 0.3078 0.8207 -0.4814
vn -0.3221 0.8957 -0.3064
vn -0.3221 0.8957 -0.3065
vn 0.8347 0.5247 0.1670
vn 0.6104 0.7530 0.2457
vn 0.6258 0.6416 0.4436
vn 0.6177 0.6969 -0.3643
vn 0.4067 0.6460 0.6460
vn 0.6448 0.2866 0.7086
vn 0.6343 0.1348 0.7612
vn 0.6444 0.0398 0.7637
vn 0.6769 0.7168 0.1672
vn 0.7986 -0.1028 0.5930
vn 0.6343 0.1348 0.7613
vn 0.6769 0.7168 0.1673
vn -0.4591 -0.2879 -0.8404
vn -0.6138 -0.0855 -0.7848
vn -0.6210 -0.1087 -0.7763
vn -0.4591 -0.2880 -0.8404
vn -0.1255 0.5412 -0.8315
vn -0.5283 0.0621 -0.8468
vn -0.1255 0.5412 -0.8314
vn -0.5124 -0.2174 -0.8308
vn -0.6105 -0.0772 -0.7883
vn -0.6502 -0.1161 -0.7508
vn -0.5125 -0.2174 -0.8307
vn -0.6105 -0.0773 -0.7882
vn -0.2259 0.4908 -0.8415
vn -0.4954 -0.0541 -0.8670
vn -0.2260 0.4908 -0.8414
vn -0.0706 0.7999 -0.5960
vn -0.1102 0.8109 -0.5748
vn -0.1951 0.8039 -0.5619
vn 0.0785 0.8319 -0.5494
vn 0.0395 0.7336 -0.6784
vn 0.6789 0.7341 0.0158
vn 0.6821 0.7297 0.0476
vn 0.6649 0.7361 0.1266
vn 0.6096 0.7838 -0.1188
vn 0.6329 0.7595 -0.1503
vn 0.1258 0.8809 -0.4562
vn 0.1879 0.7987 -0.5716
vn -0.0000 0.7565 -0.6540
vn 0.3244 0.7834 -0.5302
vn 0.3996 0.5563 -0.7286
vn 0.0158 0.9979 -0.0633
vn -0.0394 0.9780 -0.2051
vn -0.2443 0.9615 -0.1261
vn 0.1267 0.9426 -0.3089
vn -0.0760 0.8360 -0.5434
vn -0.8843 0.3600 0.2973
vn -0.7675 0.5718 0.2898
vn -0.8017 0.5266 0.2829
vn -0.5590 0.8267 -0.0630
vn -0.8314 0.5413 0.1255
vn 0.3200 0.1873 -0.9287
vn 0.1958 0.4228 -0.8848
vn 0.3293 0.3842 -0.8625
vn -0.2343 0.6717 -0.7028
vn 0.4082 0.4789 -0.7772
vn -0.4803 0.6693 0.5669
vn -0.5042 0.6146 0.6067
vn -0.4030 0.5453 0.7350
vn -0.5358 0.7801 0.3231
vn -0.7172 0.4256 0.5518
vn -0.2522 0.9298 -0.2679
vn -0.2756 0.9055 -0.3228
vn -0.3768 0.8714 -0.3140
vn -0.2905 0.8795 -0.3769
vn -0.1337 0.8341 -0.5351
vn -0.2757 0.6223 0.7326
vn -0.3074 0.4965 0.8118
vn -0.0950 0.4197 0.9027
vn -0.4581 0.6556 0.6003
vn -0.5046 0.1419 0.8516
vn -0.7904 0.5556 0.2582
vn -0.8247 0.4477 0.3456
vn -0.7073 0.4716 0.5266
vn -0.8371 0.5242 0.1565
vn -0.9139 0.0781 0.3984
vn -0.2906 0.8953 -0.3377
vn 0.0786 0.8414 -0.5347
vn -0.0705 0.7285 -0.6814
vn -0.3463 0.8107 -0.4722
vn 0.1096 0.4382 -0.8922
vn -0.3463 0.8106 -0.4722
vn -0.6528 0.7315 -0.1967
vn -0.2609 0.9249 -0.2767
vn -0.3289 0.8146 -0.4778
vn -0.4083 0.8165 -0.4082
vn 0.0078 0.7378 -0.6750
vn -0.2609 0.9249 -0.2766
vn 0.0079 0.7377 -0.6750
vn -0.4082 0.8165 -0.4082
vn -0.3239 0.6241 0.7110
vn -0.1744 0.9115 0.3726
vn -0.3627 0.8516 0.3785
vn -0.1744 0.9115 0.3725
vn -0.3379 0.8722 -0.3537
vn -0.4024 0.9153 0.0157
vn -0.3379 0.8723 -0.3536
vn 0.4397 0.4633 -0.7694
vn 0.4824 0.7512 -0.4506
vn 0.7173 0.5517 -0.4256
vn -0.3525 0.8224 -0.4465
vn 0.8216 0.5688 -0.0395
vn -0.2115 0.8773 -0.4308
vn 0.0866 0.8731 -0.4798
vn 0.0548 0.7903 -0.6103
vn -0.2436 0.8722 -0.4243
vn 0.2034 0.6183 -0.7591
vn 0.4068 0.3833 -0.8292
vn 0.2977 0.7131 -0.6347
vn 0.5204 0.6308 -0.5756
vn -0.3301 0.7938 -0.5109
vn 0.5597 0.7726 -0.2996
vn -0.4963 0.8664 -0.0551
vn -0.2609 0.9646 -0.0395
vn -0.2590 0.9577 -0.1256
vn -0.3378 0.9112 -0.2357
vn -0.1338 0.9448 -0.2992
vn -0.5356 0.8427 -0.0551
vn -0.4713 0.8797 -0.0628
vn -0.4313 0.9019 -0.0235
vn -0.4092 0.8892 -0.2046
vn -0.6416 0.7667 -0.0235
vn -0.0239 0.8130 0.5818
vn 0.0158 0.7603 0.6494
vn 0.1667 0.7542 0.6351
vn -0.0476 0.8085 0.5866
vn -0.0633 0.5296 0.8459
vn -0.1509 0.7147 0.6829
vn -0.1822 0.6418 0.7449
vn -0.0634 0.5627 0.8242
vn -0.2139 0.7366 0.6416
vn -0.4338 0.4496 0.7808
vn 0.5243 0.8261 0.2065
vn 0.6356 0.7071 0.3099
vn 0.7699 0.6270 0.1191
vn 0.4845 0.7625 0.4289
vn 0.7339 0.3749 0.5664
vn -0.0792 0.7049 0.7049
vn -0.1504 0.5701 0.8077
vn 0.0558 0.4781 0.8765
vn -0.2526 0.6394 0.7262
vn -0.3642 0.2296 0.9026
vn 0.6042 0.7791 -0.1670
vn 0.7338 0.6541 0.1835
vn 0.8658 0.5004 -0.0000
vn 0.0717 0.9075 0.4140
vn 0.9673 0.1982 0.1586
vn 0.3499 0.7475 0.5646
vn 0.1823 0.9433 0.2774
vn 0.0554 0.9098 0.4114
vn 0.0317 0.9601 0.2777
vn -0.2294 0.9332 0.2768
vn 0.6362 0.5727 0.5170
vn 0.3505 0.7805 0.5177
vn 0.3668 0.6618 0.6538
vn 0.0238 0.9452 0.3257
vn 0.1193 0.6442 0.7555
vn 0.0796 0.9391 0.3343
vn 0.0951 0.9901 0.1030
vn 0.0079 0.9930 0.1182
vn 0.0556 0.9769 0.2065
vn -0.1732 0.9841 0.0394
vn -0.0316 0.9628 -0.2683
vn 0.0474 0.9241 -0.3791
vn 0.0079 0.9052 -0.4250
vn 0.0555 0.9984 -0.0079
vn -0.1812 0.8666 -0.4649
vn -0.2848 0.9491 0.1345
vn -0.2847 0.9570 0.0553
vn -0.2829 0.9586 0.0314
vn -0.1735 0.9777 0.1183
vn -0.3960 0.8949 0.2059
vn -0.2656 0.5859 -0.7656
vn -0.2739 0.5479 -0.7904
vn -0.2641 0.4894 -0.8311
vn -0.2039 0.8863 -0.4157
vn -0.4070 0.6341 -0.6575
vn 0.1347 0.9908 0.0159
vn 0.1423 0.9883 0.0553
vn 0.1979 0.9739 0.1109
vn 0.0636 0.9852 0.1589
vn -0.0869 0.9957 0.0317
vn -0.0236 0.8495 -0.5270
vn -0.0709 0.8036 -0.5909
vn -0.2277 0.7929 -0.5652
vn 0.0157 0.8642 -0.5028
vn -0.0235 0.5885 -0.8082
vn 0.1501 0.9636 0.2212
vn 0.2295 0.9419 0.2454
vn 0.3157 0.9393 0.1342
vn 0.2227 0.9544 0.1988
vn 0.3660 0.8036 0.4694
vn 0.1739 0.9404 -0.2924
vn 0.2279 0.8645 -0.4480
vn 0.0235 0.8460 -0.5327
vn 0.3326 0.8631 -0.3801
vn 0.3929 0.5972 -0.6993
vn 0.1649 0.5417 -0.8243
vn 0.3052 0.4070 -0.8609
vn 0.1484 0.2343 -0.9608
vn 0.4006 0.5733 -0.7147
vn 0.6194 0.1176 -0.7762
vn 0.3313 0.6390 -0.6942
vn 0.2129 0.8832 -0.4179
vn 0.3936 0.8344 -0.3857
vn 0.1821 0.9501 -0.2533
vn 0.4427 0.8932 -0.0791
vn 0.7675 0.6409 -0.0158
vn 0.4606 0.8816 -0.1032
vn 0.4914 0.8639 0.1109
vn 0.2834 0.9209 -0.2676
vn 0.1985 0.9527 0.2302
vn -0.3131 0.8688 -0.3835
vn -0.2203 0.7317 -0.6451
vn -0.4069 0.6652 -0.6260
vn 0.1964 0.8877 -0.4164
vn -0.4926 0.4535 -0.7428
vn 0.1349 0.9837 -0.1190
vn -0.0079 0.9908 0.1348
vn 0.1264 0.9721 0.1976
vn 0.0631 0.9855 -0.1577
vn 0.2151 0.8844 0.4143
vn -0.0237 0.8845 -0.4659
vn 0.0711 0.9406 -0.3320
vn 0.0943 0.9276 -0.3616
vn 0.0629 0.9678 -0.2439
vn 0.2128 0.8593 -0.4651
vn -0.0870 0.9891 -0.1187
vn -0.1347 0.9906 0.0238
vn -0.1104 0.9931 0.0394
vn -0.0868 0.9861 -0.1420
vn 0.0789 0.9953 0.0553
vn -0.5221 0.1793 -0.8338
vn -0.5848 0.1949 -0.7874
vn -0.6697 0.1246 -0.7321
vn -0.4362 0.5920 -0.6777
vn -0.4343 0.0465 -0.8996
vn 0.8705 0.0395 0.4906
vn 0.8003 0.5230 0.2932
vn 0.7216 0.4440 0.5312
vn 0.8705 0.0396 0.4906
vn 0.0948 0.9954 -0.0158
vn 0.4444 0.7538 0.4840
vn 0.0949 0.9954 -0.0158
vn -0.9495 0.0389 -0.3113
vn -0.8350 0.5228 -0.1717
vn -0.7951 0.4288 -0.4288
vn -0.1653 0.9842 0.0630
vn -0.5158 0.7269 -0.4534
vn 0.7203 0.6649 -0.1979
vn 0.7804 0.5755 -0.2444
vn 0.7497 0.5129 -0.4182
vn 0.6566 0.7436 -0.1265
vn 0.9510 0.2853 -0.1188
vn -0.4345 0.7506 0.4978
vn -0.4884 0.6697 0.5594
vn -0.3865 0.6073 0.6941
vn -0.4628 0.7608 0.4549
vn -0.7234 0.4168 0.5504
vn 0.5319 0.8415 0.0953
vn 0.6841 0.7080 0.1750
vn 0.7664 0.6400 -0.0553
vn 0.5706 0.7608 0.3091
vn 0.8564 0.3489 0.3806
vn -0.0317 0.7302 0.6825
vn -0.1031 0.5789 0.8089
vn 0.1349 0.4839 0.8647
vn -0.2365 0.6465 0.7253
vn -0.3076 0.1972 0.9308
vn 0.8829 0.4216 0.2068
vn 0.7770 0.6263 -0.0634
vn 0.7595 0.6487 0.0475
vn 0.7770 0.6263 -0.0633
vn 0.2299 0.9669 -0.1109
vn 0.5727 0.8192 0.0318
vn -0.5455 0.6156 -0.5688
vn -0.5933 0.7572 -0.2733
vn -0.5095 0.7917 -0.3371
vn -0.3303 0.9436 0.0236
vn -0.3471 0.9151 -0.2051
vn 0.3252 0.9279 -0.1824
vn 0.2063 0.9759 -0.0714
vn 0.2458 0.9672 -0.0634
vn -0.0317 0.9995 0.0000
vn 0.3795 0.9249 0.0237
vn -0.2292 0.8218 0.5216
vn -0.2743 0.8888 0.3671
vn -0.3000 0.8684 0.3947
vn -0.1260 0.9768 0.1733
vn -0.4354 0.7836 0.4432
vn -0.3314 0.7969 0.5050
vn -0.3635 0.7665 0.5295
vn -0.3556 0.6955 0.6243
vn -0.2920 0.8601 0.4182
vn -0.5511 0.7479 0.3700
vn -0.1100 0.8330 -0.5422
vn 0.1105 0.8208 -0.5604
vn 0.0707 0.6440 -0.7618
vn 0.1417 0.9213 -0.3622
vn 0.5275 0.7007 -0.4803
vn -0.2491 0.0778 -0.9653
vn -0.3672 0.5391 -0.7579
vn -0.1407 0.4768 -0.8677
vn -0.2492 0.0779 -0.9653
vn -0.3672 0.5391 -0.7580
vn -0.0947 0.9944 -0.0473
vn 0.0079 0.7816 -0.6237
vn -0.0947 0.9944 -0.0474
vn 0.7472 -0.0795 0.6598
vn 0.7887 0.4143 0.4541
vn 0.6506 0.3491 0.6744
vn 0.7888 0.4143 0.4541
vn 0.1823 0.9829 0.0238
vn 0.4294 0.6918 0.5805
vn 0.1823 0.9830 0.0238
vn 0.0940 0.3289 -0.9397
vn -0.0078 0.6872 -0.7264
vn 0.1886 0.6287 -0.7545
vn -0.0474 0.9887 -0.1424
vn 0.2918 0.8124 -0.5048
vn 0.9102 0.1820 0.3720
vn 0.8257 0.5478 0.1350
vn 0.7867 0.5244 0.3258
vn 0.2531 0.9648 -0.0712
vn 0.5632 0.7694 0.3014
vn 0.2530 0.9648 -0.0712
vn 0.3509 0.2418 -0.9047
vn 0.2189 0.4144 -0.8834
vn 0.2578 0.3750 -0.8905
vn 0.0705 0.8383 -0.5406
vn 0.3924 0.4239 -0.8163
vn -0.0159 0.6618 0.7495
vn -0.0237 0.6322 0.7744
vn -0.0555 0.5863 0.8082
vn -0.0159 0.8657 0.5004
vn 0.1188 0.7369 0.6655
vn 0.6396 0.6396 -0.4264
vn 0.6466 0.6623 -0.3785
vn 0.7328 0.5988 -0.3231
vn 0.5049 0.8204 -0.2682
vn 0.4741 0.8218 -0.3160
vn 0.0395 0.9555 -0.2922
vn -0.0079 0.9540 -0.2996
vn -0.1022 0.9513 -0.2909
vn 0.0158 0.9732 -0.2294
vn 0.1020 0.8632 -0.4944
vn -0.5119 0.7324 0.4489
vn -0.6693 0.6692 0.3228
vn -0.7331 0.4730 0.4887
vn -0.5658 0.8094 0.1571
vn -0.8745 0.4841 -0.0313
vn 0.2425 0.2738 -0.9307
vn 0.3985 0.1406 -0.9063
vn 0.2416 -0.0857 -0.9666
vn 0.4774 0.3835 -0.7905
vn 0.7183 -0.1093 -0.6871
usemtl Broadleaf_Mobile_test_Branches_Mat
s 1
f 1/1/1 2/2/2 3/3/3
f 4/4/4 5/5/5 6/6/6
f 7/7/7 8/8/8 4/4/4
f 9/9/9 10/10/10 11/11/11
f 12/12/12 13/13/13 9/9/9
f 14/14/14 15/15/15 16/16/16
f 15/15/15 17/17/17 18/18/18
f 18/18/18 19/19/19 20/20/20
f 20/20/20 21/21/19 22/22/21
f 23/23/22 24/24/23 25/25/24
f 24/24/23 26/26/25 27/27/26
f 27/27/27 28/28/28 29/29/29
f 29/29/29 30/30/25 31/31/23
f 32/32/30 33/33/31 34/34/32
f 35/35/33 36/36/34 32/32/35
f 37/37/36 38/38/37 35/35/33
f 36/36/34 35/35/33 38/38/37
f 38/38/37 39/39/38 36/36/34
f 40/40/31 32/32/35 36/36/34
f 41/41/39 36/36/34 39/39/38
f 36/36/34 41/41/39 40/40/31
f 39/39/38 42/42/40 41/41/39
f 43/43/41 40/40/31 41/41/39
f 42/42/40 44/44/42 45/45/43
f 46/46/44 45/45/43 44/44/42
f 45/45/43 46/46/44 47/47/45
f 48/48/46 47/47/45 46/46/44
f 47/47/45 48/48/46 49/49/47
f 50/50/48 49/49/47 48/48/46
f 40/40/31 43/43/41 51/51/49
f 51/51/49 52/52/32 40/40/31
f 52/52/32 51/51/49 53/53/50
f 51/51/49 43/43/41 54/54/51
f 54/54/51 53/53/50 51/51/49
f 55/55/52 54/54/51 43/43/41
f 53/53/50 54/54/51 56/56/53
f 54/54/51 55/55/52 57/57/54
f 58/58/54 56/56/53 54/54/51
f 56/56/53 58/58/54 59/59/55
f 60/60/56 59/59/55 58/58/54
f 61/61/57 58/58/54 55/55/58
f 58/58/54 61/61/57 60/60/56
f 55/55/58 49/49/47 61/61/57
f 62/62/59 60/60/56 61/61/57
f 61/61/57 63/63/60 62/62/59
f 63/63/60 61/61/57 49/49/47
f 64/64/40 62/62/59 63/63/60
f 49/49/47 50/50/48 63/63/60
f 65/65/61 63/63/60 50/50/48
f 63/63/60 65/65/61 64/64/40
f 66/66/62 64/64/40 65/65/61
f 49/49/63 67/67/58 68/68/45
f 69/69/64 68/68/45 67/67/58
f 68/68/45 69/69/64 70/70/43
f 71/71/39 70/70/43 69/69/64
f 70/70/43 71/71/39 72/72/65
f 73/73/66 74/74/67 75/75/68
f 76/76/69 77/77/70 74/74/67
f 77/77/70 76/76/69 78/78/71
f 79/79/72 78/78/71 76/76/69
f 78/78/71 79/79/72 80/80/73
f 81/81/67 80/80/73 79/79/72
f 74/74/74 82/82/75 83/83/76
f 84/84/77 83/83/76 82/82/75
f 83/83/76 84/84/77 85/85/78
f 82/82/75 86/86/79 84/84/77
f 87/87/80 85/85/78 84/84/77
f 85/85/78 87/87/80 88/88/67
f 89/89/81 88/88/67 87/87/80
f 90/90/82 84/84/77 86/86/79
f 84/84/77 90/90/82 87/87/80
f 86/86/79 91/91/83 90/90/82
f 87/87/80 92/92/84 89/89/81
f 92/92/84 87/87/80 90/90/82
f 90/90/82 93/93/85 92/92/84
f 94/94/79 89/89/81 92/92/84
f 92/92/84 95/95/86 94/94/79
f 96/96/87 97/97/5 98/98/7
f 99/99/88 100/100/89 96/96/90
f 101/101/91 96/96/90 100/100/89
f 100/100/89 102/102/92 101/101/91
f 96/96/90 101/101/91 103/103/4
f 104/104/93 101/101/91 102/102/92
f 102/102/92 105/105/1 104/104/93
f 106/106/94 103/103/4 101/101/91
f 101/101/91 104/104/93 106/106/94
f 103/103/4 106/106/94 107/107/88
f 108/108/95 104/104/93 105/105/1
f 109/109/89 107/107/88 106/106/94
f 110/110/96 106/106/94 104/104/93
f 106/106/94 110/110/96 109/109/89
f 104/104/93 108/108/95 110/110/96
f 111/111/92 109/109/89 110/110/96
f 112/112/97 108/108/95 113/113/98
f 110/110/96 114/114/99 111/111/92
f 114/114/99 110/110/96 108/108/95
f 108/108/95 112/112/97 114/114/99
f 115/115/100 111/111/92 114/114/99
f 116/116/101 114/114/99 112/112/97
f 114/114/99 116/116/101 115/115/100
f 117/117/2 115/115/100 116/116/101
f 118/118/102 119/119/103 120/120/104
f 121/121/16 120/120/104 119/119/103
f 120/120/104 121/121/16 122/122/105
f 123/123/18 121/121/16 124/124/15
f 125/125/106 122/122/105 121/121/16
f 121/121/16 123/123/18 125/125/106
f 122/122/105 125/125/106 126/126/102
f 127/127/20 125/125/106 123/123/18
f 128/128/103 126/126/102 125/125/106
f 125/125/106 127/127/20 128/128/103
f 129/129/21 128/128/103 127/127/20
f 130/130/23 131/131/22 132/132/29
f 133/133/107 132/132/29 131/131/22
f 132/132/29 133/133/107 134/134/108
f 135/135/109 134/134/108 133/133/107
f 134/134/108 135/135/109 136/136/23
f 137/137/110 138/138/111 139/139/112
f 140/140/113 141/141/112 138/138/111
f 141/141/112 142/142/114 137/137/110
f 143/143/115 137/137/110 142/142/114
f 141/141/112 140/140/113 144/144/116
f 142/142/114 145/145/117 143/143/115
f 146/146/118 143/143/115 145/145/117
f 142/142/114 141/141/112 147/147/119
f 144/144/116 147/147/119 141/141/112
f 148/148/62 146/146/118 149/149/44
f 145/145/117 149/149/44 146/146/118
f 149/149/44 145/145/117 150/150/120
f 145/145/117 142/142/114 151/151/121
f 151/151/121 150/150/120 145/145/117
f 147/147/119 151/151/121 142/142/114
f 150/150/120 151/151/121 152/152/122
f 152/152/122 151/151/121 153/153/61
f 154/154/123 153/153/61 151/151/121
f 151/151/121 147/147/119 154/154/123
f 153/153/61 154/154/123 155/155/62
f 156/156/118 155/155/62 154/154/123
f 157/157/124 154/154/123 147/147/119
f 147/147/119 144/144/116 157/157/124
f 154/154/123 157/157/124 158/158/118
f 159/159/115 158/158/118 157/157/124
f 160/160/125 157/157/124 144/144/116
f 157/157/124 160/160/125 159/159/115
f 144/144/116 140/140/113 160/160/125
f 161/161/110 159/159/115 160/160/125
f 162/162/126 160/160/125 140/140/113
f 160/160/125 162/162/126 161/161/110
f 163/163/127 161/161/110 162/162/126
f 164/164/128 165/165/13 166/166/129
f 166/166/129 167/167/130 164/164/128
f 168/168/131 164/164/128 167/167/130
f 167/167/130 169/169/132 168/168/131
f 164/164/128 168/168/131 170/170/9
f 171/171/133 168/168/131 169/169/132
f 172/172/134 170/170/9 168/168/131
f 168/168/131 171/171/133 172/172/134
f 170/170/9 172/172/134 173/173/135
f 174/174/136 172/172/134 171/171/133
f 175/175/130 173/173/135 172/172/134
f 172/172/134 174/174/136 175/175/130
f 176/176/137 175/175/130 174/174/136
f 177/177/127 178/178/138 179/179/113
f 180/180/139 179/179/113 178/178/138
f 179/179/113 180/180/139 181/181/140
f 178/178/138 182/182/141 180/180/139
f 183/183/142 181/181/140 180/180/139
f 181/181/140 183/183/142 184/184/111
f 185/185/138 184/184/111 183/183/142
f 186/186/143 180/180/139 182/182/141
f 180/180/139 186/186/143 183/183/142
f 182/182/141 187/187/144 186/186/143
f 188/188/145 186/186/143 187/187/144
f 183/183/142 189/189/146 185/185/138
f 189/189/146 183/183/142 186/186/143
f 186/186/143 188/188/145 189/189/146
f 190/190/147 185/185/138 189/189/146
f 191/191/148 189/189/146 188/188/145
f 189/189/146 191/191/148 190/190/147
f 192/192/149 190/190/147 191/191/148
f 191/191/148 193/193/150 192/192/149
f 194/194/151 192/192/149 193/193/150
f 193/193/150 195/195/152 196/196/153
f 197/197/145 196/196/153 195/195/152
f 198/198/144 199/199/151 197/197/145
f 196/196/153 197/197/145 199/199/151
f 199/199/151 200/200/154 196/196/153
f 201/201/155 196/196/153 200/200/154
f 200/200/154 202/202/156 201/201/155
f 196/196/153 201/201/155 203/203/150
f 204/204/157 203/203/150 201/201/155
f 201/201/155 205/205/156 204/204/157
f 203/203/150 204/204/157 206/206/151
f 207/207/154 206/206/151 204/204/157
f 204/204/157 208/208/156 207/207/154
f 209/209/158 210/210/159 211/211/160
f 212/212/161 211/211/160 210/210/159
f 210/210/159 213/213/162 212/212/161
f 211/211/160 212/212/161 214/214/163
f 215/215/164 214/214/163 212/212/161
f 212/212/161 216/216/162 215/215/164
f 214/214/163 215/215/164 217/217/165
f 218/218/159 217/217/165 215/215/164
f 215/215/164 219/219/166 218/218/159
f 220/220/167 221/221/168 222/222/169
f 223/223/170 222/222/169 221/221/168
f 222/222/169 223/223/170 224/224/171
f 221/221/168 225/225/172 223/223/170
f 226/226/173 224/224/171 223/223/170
f 224/224/171 226/226/173 227/227/167
f 228/228/168 227/227/167 226/226/173
f 229/229/174 223/223/170 225/225/172
f 223/223/170 229/229/174 226/226/173
f 225/225/172 230/230/175 229/229/174
f 226/226/173 231/231/176 228/228/168
f 231/231/176 226/226/173 229/229/174
f 229/229/174 232/232/177 231/231/176
f 233/233/172 228/228/168 231/231/176
f 231/231/176 234/234/175 233/233/172
f 235/235/178 236/236/179 237/237/180
f 238/238/181 237/237/180 236/236/179
f 237/237/180 238/238/181 239/239/182
f 236/236/179 240/240/183 238/238/181
f 241/241/184 239/239/182 238/238/181
f 239/239/182 241/241/184 242/242/185
f 243/243/186 242/242/185 241/241/184
f 244/244/187 238/238/181 240/240/183
f 238/238/181 244/244/187 241/241/184
f 240/240/183 245/245/188 244/244/187
f 241/241/184 246/246/189 243/243/186
f 246/246/189 241/241/184 244/244/187
f 247/247/183 243/243/186 246/246/189
f 248/248/190 244/244/187 245/245/188
f 244/244/187 248/248/190 246/246/189
f 245/245/188 249/249/191 248/248/190
f 246/246/189 250/250/192 247/247/183
f 250/250/192 246/246/189 248/248/190
f 248/248/190 251/251/193 250/250/192
f 252/252/188 247/247/183 250/250/192
f 250/250/192 253/253/194 252/252/188
f 254/254/195 255/255/196 256/256/197
f 257/257/198 256/256/197 255/255/196
f 255/255/196 258/258/199 257/257/198
f 256/256/197 257/257/198 259/259/200
f 260/260/201 259/259/200 257/257/198
f 257/257/198 261/261/202 260/260/201
f 259/259/200 260/260/201 262/262/203
f 263/263/204 262/262/203 260/260/201
f 260/260/201 264/264/199 263/263/204
f 265/265/205 266/266/206 267/267/207
f 268/268/208 267/267/207 266/266/206
f 267/267/207 268/268/208 269/269/209
f 266/266/206 270/270/210 268/268/208
f 271/271/211 269/269/209 268/268/208
f 269/269/209 271/271/211 272/272/205
f 273/273/206 272/272/205 271/271/211
f 274/274/212 268/268/208 270/270/210
f 268/268/208 274/274/212 271/271/211
f 270/270/210 275/275/213 274/274/212
f 271/271/211 276/276/214 273/273/206
f 276/276/214 271/271/211 274/274/212
f 274/274/212 277/277/215 276/276/214
f 278/278/216 273/273/206 276/276/214
f 276/276/214 279/279/215 278/278/216
f 280/280/217 281/281/218 282/282/219
f 283/283/220 282/282/219 281/281/218
f 281/281/218 284/284/221 283/283/220
f 282/282/219 283/283/220 285/285/222
f 286/286/223 285/285/222 283/283/220
f 283/283/220 287/287/224 286/286/223
f 285/285/222 286/286/223 288/288/225
f 289/289/218 288/288/225 286/286/223
f 286/286/223 290/290/221 289/289/218
f 291/291/226 292/292/227 293/293/228
f 294/294/229 293/293/228 292/292/227
f 293/293/228 294/294/229 295/295/230
f 292/292/227 296/296/231 294/294/229
f 297/297/232 295/295/230 294/294/229
f 295/295/230 297/297/232 298/298/226
f 299/299/233 298/298/226 297/297/232
f 300/300/234 294/294/229 296/296/231
f 294/294/229 300/300/234 297/297/232
f 296/296/231 301/301/235 300/300/234
f 297/297/232 302/302/236 299/299/233
f 302/302/236 297/297/232 300/300/234
f 300/300/234 303/303/237 302/302/236
f 304/304/238 299/299/233 302/302/236
f 302/302/236 305/305/239 304/304/238
usemtl Broadleaf_Mobile_test_Leaves_Mat
f 306/306/240 307/307/241 308/308/242
f 306/306/243 307/307/241 309/309/244
f 308/308/242 307/307/241 310/310/245
f 307/307/241 309/309/246 310/310/245
f 311/311/247 312/312/248 313/313/249
f 311/311/247 314/314/250 312/312/248
f 313/313/249 312/312/248 315/315/251
f 312/312/248 314/314/250 315/315/251
f 316/316/252 317/317/253 318/318/254
f 316/316/255 317/317/256 319/319/257
f 318/318/254 317/317/253 320/320/258
f 317/317/253 319/319/257 320/320/258
f 321/321/259 322/322/260 323/323/261
f 321/321/262 322/322/260 324/324/263
f 323/323/261 322/322/260 325/325/264
f 322/322/260 324/324/265 325/325/264
f 326/326/266 327/327/267 328/328/268
f 326/326/269 327/327/267 329/329/270
f 328/328/268 327/327/267 330/330/271
f 327/327/267 330/330/272 329/329/270
f 331/331/273 332/332/274 333/333/275
f 331/331/273 334/334/276 332/332/274
f 333/333/275 332/332/274 335/335/277
f 332/332/274 334/334/276 335/335/277
f 336/336/278 337/337/279 338/338/280
f 336/336/278 337/337/281 339/339/282
f 338/338/280 337/337/279 340/340/283
f 337/337/279 339/339/282 340/340/283
f 341/341/284 342/342/285 343/343/286
f 341/341/287 342/342/285 344/344/288
f 343/343/286 342/342/285 345/345/289
f 342/342/285 345/345/290 344/344/288
f 346/346/291 347/347/292 348/348/293
f 346/346/291 349/349/294 347/347/292
f 348/348/293 347/347/292 350/350/295
f 347/347/292 349/349/294 350/350/295
f 351/351/296 352/352/297 353/353/298
f 351/351/296 354/354/299 352/352/297
f 353/353/298 352/352/297 355/355/300
f 352/352/297 354/354/299 355/355/300
f 356/356/301 357/357/302 358/358/303
f 356/356/301 357/357/304 359/359/305
f 358/358/303 357/357/302 360/360/306
f 357/357/304 360/360/306 359/359/305
f 361/361/307 362/362/308 363/363/309
f 361/361/310 362/362/311 364/364/312
f 363/363/309 362/362/308 365/365/313
f 362/362/311 365/365/313 364/364/312
f 366/366/314 367/367/315 368/368/316
f 366/366/314 369/369/317 367/367/315
f 368/368/316 367/367/315 370/370/318
f 367/367/315 369/369/317 370/370/318
f 371/371/319 372/372/320 373/373/321
f 371/371/322 372/372/323 374/374/324
f 373/373/321 372/372/320 375/375/325
f 372/372/323 375/375/325 374/374/324
f 376/376/326 377/377/327 378/378/328
f 376/376/326 379/379/329 377/377/327
f 378/378/328 377/377/327 380/380/330
f 377/377/327 379/379/329 380/380/330
f 381/381/331 382/382/332 383/383/333
f 381/381/331 384/384/334 382/382/332
f 383/383/333 382/382/332 385/385/335
f 382/382/332 384/384/334 385/385/335
f 386/386/336 387/387/337 388/388/338
f 386/386/336 389/389/339 387/387/337
f 388/388/338 387/387/337 390/390/340
f 387/387/337 389/389/339 390/390/340
f 391/391/341 392/392/342 393/393/343
f 391/391/344 392/392/342 394/394/345
f 393/393/343 392/392/342 395/395/346
f 392/392/342 394/394/347 395/395/346
f 396/396/348 397/397/349 398/398/350
f 396/396/348 399/399/351 397/397/349
f 398/398/350 397/397/349 400/400/352
f 397/397/349 399/399/351 400/400/352
f 401/401/353 402/402/354 403/403/355
f 401/401/353 404/404/356 402/402/354
f 403/403/355 402/402/354 405/405/357
f 402/402/354 404/404/356 405/405/357
f 406/406/358 407/407/359 408/408/360
f 406/406/358 407/407/361 409/409/362
f 408/408/360 407/407/359 410/410/363
f 407/407/359 409/409/364 410/410/363
f 411/411/365 412/412/366 413/413/367
f 411/411/365 414/414/368 412/412/366
f 413/413/367 412/412/366 415/415/369
f 412/412/366 414/414/368 415/415/369
f 416/416/370 417/417/371 418/418/372
f 416/416/370 419/419/373 417/417/371
f 418/418/372 417/417/371 420/420/374
f 417/417/371 419/419/373 420/420/374
f 421/421/375 422/422/376 423/423/377
f 421/421/375 424/424/378 422/422/376
f 423/423/377 422/422/376 425/425/379
f 422/422/376 424/424/378 425/425/379
f 426/426/380 427/427/381 428/428/382
f 426/426/380 429/429/383 427/427/381
f 428/428/382 427/427/381 430/430/384
f 427/427/381 429/429/383 430/430/384
f 431/431/385 432/432/386 433/433/387
f 431/431/385 434/434/388 432/432/386
f 433/433/387 432/432/386 435/435/389
f 432/432/386 434/434/388 435/435/389
f 436/436/390 437/437/391 438/438/392
f 436/436/390 439/439/393 437/437/391
f 438/438/392 437/437/391 440/440/394
f 437/437/391 439/439/393 440/440/394
f 441/441/395 442/442/396 443/443/397
f 441/441/398 442/442/399 444/444/400
f 443/443/397 442/442/396 445/445/401
f 442/442/396 444/444/400 445/445/401
f 446/446/402 447/447/403 448/448/404
f 446/446/402 449/449/405 447/447/403
f 448/448/404 447/447/403 450/450/406
f 447/447/403 449/449/405 450/450/406
f 451/451/407 452/452/408 453/453/409
f 451/451/407 452/452/410 454/454/411
f 453/453/409 452/452/408 455/455/412
f 452/452/410 455/455/412 454/454/411
f 456/456/413 457/457/414 458/458/415
f 456/456/413 459/459/416 457/457/414
f 458/458/415 457/457/414 460/460/417
f 457/457/414 459/459/416 460/460/417
f 461/461/418 462/462/419 463/463/420
f 461/461/418 464/464/421 462/462/419
f 463/463/420 462/462/419 465/465/422
f 462/462/419 464/464/421 465/465/422
f 466/466/423 467/467/424 468/468/425
f 466/466/423 469/469/426 467/467/424
f 468/468/425 467/467/424 470/470/427
f 467/467/424 469/469/426 470/470/427
f 471/471/428 472/472/429 473/473/430
f 471/471/428 474/474/431 472/472/429
f 473/473/430 472/472/429 475/475/432
f 472/472/429 474/474/431 475/475/432
f 476/476/433 477/477/434 478/478/435
f 476/476/433 479/479/436 477/477/434
f 478/478/435 477/477/434 480/480/437
f 477/477/434 479/479/436 480/480/437
f 481/481/438 482/482/439 483/483/440
f 481/481/438 484/484/441 482/482/439
f 483/483/440 482/482/439 485/485/442
f 482/482/439 484/484/441 485/485/442
f 486/486/443 487/487/444 488/488/445
f 486/486/443 489/489/446 487/487/444
f 488/488/445 487/487/444 490/490/447
f 487/487/444 489/489/446 490/490/447
f 491/491/448 492/492/449 493/493/230
f 491/491/450 492/492/449 494/494/451
f 493/493/230 492/492/449 495/495/452
f 492/492/449 494/494/451 495/495/452
f 496/496/453 497/497/454 498/498/455
f 496/496/453 499/499/456 497/497/454
f 498/498/455 497/497/454 500/500/457
f 497/497/454 499/499/456 500/500/457
f 501/501/458 502/502/459 503/503/460
f 501/501/458 504/504/461 502/502/459
f 503/503/460 502/502/459 505/505/462
f 502/502/459 504/504/461 505/505/462
f 506/506/463 507/507/464 508/508/465
f 506/506/463 509/509/466 507/507/464
f 508/508/465 507/507/464 510/510/467
f 507/507/464 509/509/466 510/510/467
f 511/511/468 512/512/469 513/513/470
f 511/511/468 514/514/471 512/512/469
f 513/513/470 512/512/469 515/515/472
f 512/512/469 514/514/471 515/515/472
f 516/516/473 517/517/474 518/518/475
f 516/516/473 519/519/476 517/517/474
f 518/518/475 517/517/474 520/520/477
f 517/517/474 519/519/476 520/520/477
f 521/521/478 522/522/479 523/523/480
f 521/521/478 524/524/481 522/522/479
f 523/523/480 522/522/479 525/525/482
f 522/522/479 524/524/481 525/525/482
f 526/526/483 527/527/484 528/528/485
f 526/526/483 529/529/486 527/527/484
f 528/528/485 527/527/484 530/530/487
f 527/527/484 529/529/486 530/530/487
f 531/531/488 532/532/489 533/533/490
f 531/531/488 534/534/491 532/532/489
f 533/533/490 532/532/489 535/535/492
f 532/532/489 534/534/491 535/535/492
f 536/536/493 537/537/494 538/538/495
f 536/536/493 539/539/496 537/537/494
f 538/538/495 537/537/494 540/540/497
f 537/537/494 539/539/496 540/540/497
f 541/541/498 542/542/499 543/543/500
f 541/541/501 542/542/502 544/544/503
f 543/543/500 542/542/499 545/545/504
f 542/542/502 545/545/505 544/544/503
f 546/546/506 547/547/507 548/548/508
f 546/546/506 549/549/509 547/547/507
f 548/548/508 547/547/507 550/550/510
f 547/547/507 549/549/509 550/550/510
f 551/551/511 552/552/512 553/553/513
f 551/551/511 552/552/514 554/554/515
f 553/553/513 552/552/512 555/555/516
f 552/552/512 554/554/515 555/555/516
f 556/556/517 557/557/518 558/558/519
f 556/556/517 557/557/520 559/559/521
f 558/558/519 557/557/518 560/560/522
f 557/557/518 559/559/521 560/560/522
f 561/561/523 562/562/524 563/563/525
f 561/561/526 562/562/527 564/564/528
f 563/563/525 562/562/524 565/565/529
f 562/562/524 564/564/528 565/565/529
f 566/566/530 567/567/531 568/568/532
f 566/566/530 569/569/533 567/567/531
f 568/568/532 567/567/531 570/570/534
f 567/567/531 569/569/533 570/570/534
f 571/571/535 572/572/536 573/573/537
f 571/571/535 574/574/538 572/572/536
f 573/573/537 572/572/536 575/575/539
f 572/572/536 574/574/538 575/575/539
f 576/576/540 577/577/541 578/578/542
f 576/576/540 579/579/543 577/577/541
f 578/578/542 577/577/541 580/580/544
f 577/577/541 580/580/545 579/579/546
f 581/581/547 582/582/548 583/583/549
f 581/581/547 584/584/550 582/582/548
f 583/583/549 582/582/548 585/585/551
f 582/582/548 584/584/550 585/585/551
f 586/586/552 587/587/553 588/588/554
f 586/586/552 589/589/555 587/587/553
f 588/588/554 587/587/553 590/590/556
f 587/587/553 589/589/555 590/590/556
f 591/591/557 592/592/558 593/593/559
f 591/591/557 594/594/560 592/592/558
f 593/593/559 592/592/558 595/595/561
f 592/592/562 595/595/563 594/594/564
f 596/596/565 597/597/566 598/598/567
f 596/596/565 599/599/568 597/597/566
f 598/598/567 597/597/566 600/600/569
f 597/597/570 600/600/571 599/599/568
f 601/601/572 602/602/573 603/603/574
f 601/601/572 604/604/575 602/602/573
f 603/603/574 602/602/573 605/605/576
f 602/602/573 604/604/575 605/605/576
f 606/606/577 607/607/578 608/608/579
f 606/606/577 609/609/580 607/607/578
f 608/608/579 607/607/578 610/610/581
f 607/607/578 609/609/580 610/610/581
f 611/611/582 612/612/583 613/613/584
f 611/611/582 614/614/585 612/612/583
f 613/613/584 612/612/583 615/615/586
f 612/612/583 614/614/585 615/615/586
f 616/616/587 617/617/588 618/618/589
f 616/616/587 619/619/590 617/617/588
f 618/618/589 617/617/588 620/620/591
f 617/617/588 619/619/590 620/620/591
f 621/621/592 622/622/593 623/623/594
f 621/621/592 624/624/595 622/622/593
f 623/623/594 622/622/593 625/625/596
f 622/622/593 624/624/595 625/625/596
f 626/626/597 627/627/598 628/628/599
f 626/626/597 629/629/600 627/627/598
f 628/628/599 627/627/598 630/630/601
f 627/627/598 629/629/600 630/630/601
f 631/631/602 632/632/603 633/633/604
f 631/631/605 632/632/606 634/634/607
f 633/633/604 632/632/603 635/635/608
f 632/632/603 634/634/609 635/635/608
f 636/636/610 637/637/611 638/638/612
f 636/636/613 637/637/614 639/639/615
f 638/638/612 637/637/611 640/640/616
f 637/637/611 639/639/617 640/640/616
f 641/641/618 642/642/619 643/643/620
f 641/641/621 642/642/619 644/644/622
f 643/643/620 642/642/619 645/645/623
f 642/642/619 644/644/624 645/645/623
f 646/646/625 647/647/626 648/648/627
f 646/646/625 649/649/628 647/647/626
f 648/648/627 647/647/626 650/650/629
f 647/647/626 649/649/628 650/650/629
f 651/651/630 652/652/631 653/653/632
f 651/651/630 654/654/633 652/652/631
f 653/653/632 652/652/631 655/655/634
f 652/652/631 654/654/633 655/655/634
f 656/656/635 657/657/636 658/658/637
f 656/656/635 659/659/638 657/657/636
f 658/658/637 657/657/636 660/660/639
f 657/657/636 659/659/638 660/660/639
f 661/661/640 662/662/641 663/663/642
f 661/661/640 664/664/643 662/662/641
f 663/663/642 662/662/641 665/665/644
f 662/662/641 664/664/643 665/665/644
f 666/666/645 667/667/646 668/668/647
f 666/666/645 669/669/648 667/667/646
f 668/668/647 667/667/646 670/670/649
f 667/667/646 669/669/648 670/670/649
f 671/671/650 672/672/651 673/673/652
f 671/671/650 674/674/653 672/672/651
f 673/673/652 672/672/651 675/675/654
f 672/672/651 674/674/653 675/675/654
f 676/676/655 677/677/656 678/678/657
f 676/676/655 679/679/658 677/677/656
f 678/678/657 677/677/656 680/680/659
f 677/677/656 679/679/658 680/680/659
f 681/681/660 682/682/661 683/683/662
f 681/681/660 684/684/663 682/682/661
f 683/683/662 682/682/661 685/685/664
f 682/682/661 684/684/663 685/685/664
f 686/686/665 687/687/666 688/688/667
f 686/686/665 689/689/668 687/687/666
f 688/688/667 687/687/666 690/690/669
f 687/687/666 689/689/668 690/690/669
f 691/691/670 692/692/671 693/693/672
f 691/691/670 694/694/673 692/692/671
f 693/693/672 692/692/671 695/695/674
f 692/692/671 694/694/673 695/695/674
f 696/696/675 697/697/676 698/698/677
f 696/696/675 699/699/678 697/697/676
f 698/698/677 697/697/676 700/700/679
f 697/697/676 699/699/678 700/700/679
f 701/701/680 702/702/681 703/703/327
f 701/701/680 704/704/682 702/702/681
f 703/703/327 702/702/681 705/705/683
f 702/702/681 704/704/682 705/705/683
f 706/706/684 707/707/685 708/708/686
f 706/706/684 709/709/687 707/707/685
f 708/708/686 707/707/685 710/710/688
f 707/707/685 709/709/687 710/710/688
f 711/711/689 712/712/690 713/713/691
f 711/711/689 712/712/692 714/714/693
f 713/713/691 712/712/690 715/715/694
f 712/712/692 715/715/695 714/714/693
f 716/716/696 717/717/697 718/718/698
f 716/716/699 717/717/697 719/719/700
f 718/718/698 717/717/697 720/720/701
f 717/717/697 720/720/702 719/719/700
f 721/721/703 722/722/704 723/723/705
f 721/721/706 722/722/704 724/724/707
f 723/723/705 722/722/704 725/725/708
f 722/722/704 724/724/709 725/725/708
f 726/726/710 727/727/711 728/728/712
f 726/726/710 729/729/713 727/727/711
f 728/728/712 727/727/711 730/730/714
f 727/727/711 729/729/713 730/730/714
f 731/731/715 732/732/716 733/733/717
f 731/731/715 734/734/718 732/732/716
f 733/733/717 732/732/716 735/735/719
f 732/732/716 734/734/718 735/735/719
f 736/736/720 737/737/721 738/738/722
f 736/736/720 739/739/723 737/737/721
f 738/738/722 737/737/721 740/740/724
f 737/737/721 739/739/723 740/740/724
f 741/741/725 742/742/726 743/743/727
f 741/741/725 744/744/728 742/742/726
f 743/743/727 742/742/726 745/745/729
f 742/742/726 744/744/728 745/745/729
f 746/746/730 747/747/731 748/748/732
f 746/746/730 749/749/733 747/747/731
f 748/748/732 747/747/731 750/750/734
f 747/747/731 749/749/733 750/750/734
f 751/751/735 752/752/736 753/753/737
f 751/751/735 754/754/738 752/752/736
f 753/753/737 752/752/736 755/755/739
f 752/752/736 754/754/738 755/755/739
f 756/756/740 757/757/741 758/758/742
f 756/756/740 759/759/743 757/757/741
f 758/758/742 757/757/741 760/760/744
f 757/757/741 759/759/743 760/760/744
f 761/761/745 762/762/746 763/763/747
f 761/761/745 764/764/748 762/762/746
f 763/763/747 762/762/746 765/765/749
f 762/762/746 764/764/748 765/765/749
f 766/766/750 767/767/751 768/768/752
f 766/766/750 769/769/753 767/767/751
f 768/768/752 767/767/751 770/770/754
f 767/767/751 769/769/753 770/770/754
f 771/771/755 772/772/756 773/773/757
f 771/771/755 774/774/758 772/772/756
f 773/773/757 772/772/756 775/775/759
f 772/772/756 774/774/758 775/775/759
f 776/776/760 777/777/761 778/778/762
f 776/776/760 779/779/763 777/777/761
f 778/778/762 777/777/761 780/780/764
f 777/777/761 779/779/763 780/780/764
f 781/781/765 782/782/766 783/783/767
f 781/781/765 784/784/768 782/782/766
f 783/783/767 782/782/766 785/785/769
f 782/782/766 784/784/768 785/785/769
f 786/786/770 787/787/771 788/788/772
f 786/786/770 789/789/773 787/787/771
f 788/788/772 787/787/771 790/790/774
f 787/787/771 789/789/773 790/790/774
f 791/791/775 792/792/776 793/793/777
f 791/791/775 794/794/778 792/792/776
f 793/793/777 792/792/776 795/795/779
f 792/792/776 794/794/778 795/795/779
f 796/796/780 797/797/781 798/798/782
f 796/796/783 797/797/784 799/799/785
f 798/798/782 797/797/781 800/800/786
f 797/797/784 800/800/787 799/799/785
f 801/801/788 802/802/789 803/803/790
f 801/801/788 802/802/791 804/804/792
f 803/803/790 802/802/789 805/805/793
f 802/802/791 805/805/794 804/804/792
f 806/806/795 807/807/796 808/808/797
f 806/806/798 807/807/799 809/809/800
f 808/808/797 807/807/796 810/810/801
f 807/807/799 810/810/802 809/809/800
f 811/811/803 812/812/804 813/813/805
f 811/811/803 814/814/806 812/812/804
f 813/813/805 812/812/804 815/815/807
f 812/812/804 814/814/806 815/815/807
f 816/816/808 817/817/809 818/818/810
f 816/816/808 819/819/811 817/817/809
f 818/818/810 817/817/809 820/820/812
f 817/817/813 820/820/812 819/819/814
f 821/821/815 822/822/816 823/823/817
f 821/821/818 822/822/816 824/824/819
f 823/823/817 822/822/816 825/825/820
f 822/822/816 824/824/821 825/825/820
f 826/826/822 827/827/823 828/828/824
f 826/826/825 827/827/826 829/829/827
f 828/828/824 827/827/823 830/830/828
f 827/827/823 829/829/829 830/830/828
f 831/831/830 832/832/831 833/833/832
f 831/831/830 834/834/833 832/832/831
f 833/833/832 832/832/831 835/835/834
f 832/832/831 834/834/833 835/835/834
f 836/836/835 837/837/836 838/838/837
f 836/836/835 839/839/838 837/837/836
f 838/838/837 837/837/836 840/840/839
f 837/837/836 839/839/838 840/840/839
f 841/841/840 842/842/841 843/843/842
f 841/841/840 844/844/843 842/842/841
f 843/843/842 842/842/841 845/845/844
f 842/842/841 844/844/843 845/845/844
f 846/846/845 847/847/846 848/848/847
f 846/846/845 849/849/848 847/847/846
f 848/848/847 847/847/846 850/850/849
f 847/847/846 849/849/848 850/850/849
f 851/851/850 852/852/851 853/853/852
f 851/851/850 854/854/853 852/852/851
f 853/853/852 852/852/851 855/855/854
f 852/852/851 854/854/853 855/855/854
f 856/856/855 857/857/856 858/858/857
f 856/856/855 859/859/858 857/857/856
f 858/858/857 857/857/856 860/860/859
f 857/857/856 859/859/858 860/860/859
f 861/861/860 862/862/861 863/863/862
f 861/861/860 864/864/863 862/862/861
f 863/863/862 862/862/861 865/865/864
f 862/862/861 864/864/863 865/865/864
f 866/866/865 867/867/866 868/868/867
f 866/866/865 869/869/868 867/867/866
f 868/868/867 867/867/866 870/870/869
f 867/867/866 869/869/868 870/870/869
f 871/871/870 872/872/871 873/873/872
f 871/871/870 874/874/873 872/872/871
f 873/873/872 872/872/871 875/875/874
f 872/872/871 874/874/873 875/875/874
f 876/876/875 877/877/876 878/878/877
f 876/876/875 879/879/878 877/877/876
f 878/878/877 877/877/876 880/880/879
f 877/877/876 879/879/878 880/880/879
f 881/881/880 882/882/881 883/883/882
f 881/881/880 884/884/883 882/882/881
f 883/883/882 882/882/881 885/885/884
f 882/882/881 885/885/884 884/884/885
f 886/886/886 887/887/887 888/888/888
f 886/886/886 889/889/889 887/887/887
f 888/888/888 887/887/887 890/890/890
f 887/887/891 890/890/892 889/889/893
f 891/891/894 892/892/895 893/893/896
f 891/891/894 892/892/897 894/894/898
f 893/893/896 892/892/895 895/895/899
f 892/892/895 894/894/900 895/895/899
f 896/896/901 897/897/902 898/898/903
f 896/896/901 899/899/904 897/897/902
f 898/898/903 897/897/902 900/900/905
f 897/897/902 899/899/904 900/900/905
f 901/901/906 902/902/907 903/903/908
f 901/901/906 904/904/909 902/902/907
f 903/903/908 902/902/907 905/905/910
f 902/902/907 904/904/909 905/905/910
f 906/906/911 907/907/912 908/908/913
f 906/906/911 909/909/914 907/907/912
f 908/908/913 907/907/912 910/910/915
f 907/907/912 909/909/914 910/910/915
f 911/911/916 912/912/917 913/913/918
f 911/911/916 914/914/919 912/912/917
f 913/913/918 912/912/917 915/915/920
f 912/912/917 914/914/919 915/915/920
f 916/916/921 917/917/922 918/918/923
f 916/916/921 919/919/924 917/917/922
f 918/918/923 917/917/922 920/920/925
f 917/917/922 919/919/924 920/920/925
f 921/921/926 922/922/927 923/923/928
f 921/921/926 924/924/929 922/922/927
f 923/923/928 922/922/927 925/925/930
f 922/922/927 924/924/929 925/925/930
f 926/926/931 927/927/932 928/928/933
f 926/926/931 929/929/934 927/927/932
f 928/928/933 927/927/932 930/930/935
f 927/927/932 929/929/934 930/930/935
f 931/931/936 932/932/937 933/933/938
f 931/931/936 934/934/939 932/932/937
f 933/933/938 932/932/937 935/935/940
f 932/932/937 934/934/939 935/935/940
f 936/936/941 937/937/942 938/938/943
f 936/936/941 939/939/944 937/937/942
f 938/938/943 937/937/942 940/940/945
f 937/937/942 939/939/944 940/940/945
f 941/941/946 942/942/947 943/943/948
f 941/941/946 944/944/949 942/942/947
f 943/943/948 942/942/947 945/945/950
f 942/942/947 944/944/949 945/945/950
f 946/946/951 947/947/952 948/948/953
f 946/946/951 949/949/954 947/947/952
f 948/948/953 947/947/952 950/950/955
f 947/947/952 949/949/954 950/950/955
f 951/951/956 952/952/957 953/953/958
f 951/951/956 954/954/959 952/952/957
f 953/953/958 952/952/957 955/955/960
f 952/952/957 954/954/959 955/955/960
f 956/956/961 957/957/962 958/958/963
f 956/956/961 959/959/964 957/957/962
f 958/958/963 957/957/962 960/960/965
f 957/957/962 959/959/964 960/960/965
f 961/961/966 962/962/967 963/963/968
f 961/961/966 964/964/969 962/962/967
f 963/963/968 962/962/967 965/965/970
f 962/962/967 964/964/969 965/965/970
f 966/966/971 967/967/972 968/968/973
f 966/966/971 969/969/974 967/967/972
f 968/968/973 967/967/972 970/970/975
f 967/967/972 969/969/974 970/970/975
f 971/971/976 972/972/977 973/973/978
f 971/971/976 974/974/979 972/972/977
f 973/973/978 972/972/977 975/975/980
f 972/972/977 974/974/979 975/975/980
f 976/976/981 977/977/982 978/978/983
f 976/976/981 979/979/984 977/977/982
f 978/978/983 977/977/982 980/980/985
f 977/977/982 979/979/984 980/980/985
f 981/981/986 982/982/987 983/983/988
f 981/981/986 984/984/989 982/982/987
f 983/983/988 982/982/987 985/985/990
f 982/982/987 984/984/989 985/985/990
f 986/986/991 987/987/992 988/988/993
f 986/986/991 989/989/994 987/987/992
f 988/988/993 987/987/992 990/990/995
f 987/987/992 989/989/994 990/990/995
f 991/991/996 992/992/997 993/993/998
f 991/991/996 994/994/999 992/992/997
f 993/993/998 992/992/997 995/995/1000
f 992/992/997 994/994/999 995/995/1000
f 996/996/1001 997/997/1002 998/998/1003
f 996/996/1001 999/999/1004 997/997/1002
f 998/998/1003 997/997/1002 1000/1000/1005
f 997/997/1002 999/999/1004 1000/1000/1005
f 1001/1001/1006 1002/1002/1007 1003/1003/1008
f 1001/1001/1006 1004/1004/1009 1002/1002/1007
f 1003/1003/1008 1002/1002/1007 1005/1005/1010
f 1002/1002/1007 1004/1004/1009 1005/1005/1010
f 1006/1006/1011 1007/1007/1012 1008/1008/1013
f 1006/1006/1011 1009/1009/1014 1007/1007/1012
f 1008/1008/1013 1007/1007/1012 1010/1010/1015
f 1007/1007/1012 1009/1009/1014 1010/1010/1015
f 1011/1011/1016 1012/1012/1017 1013/1013/1018
f 1011/1011/1016 1014/1014/1019 1012/1012/1017
f 1013/1013/1018 1012/1012/1017 1015/1015/1020
f 1012/1012/1017 1014/1014/1019 1015/1015/1020
f 1016/1016/1021 1017/1017/1022 1018/1018/1023
f 1016/1016/1021 1019/1019/1024 1017/1017/1022
f 1018/1018/1023 1017/1017/1022 1020/1020/1025
f 1017/1017/1022 1019/1019/1024 1020/1020/1025
f 1021/1021/1026 1022/1022/1027 1023/1023/1028
f 1021/1021/1026 1024/1024/1029 1022/1022/1027
f 1023/1023/1028 1022/1022/1027 1025/1025/1030
f 1022/1022/1027 1024/1024/1029 1025/1025/1030
f 1026/1026/1031 1027/1027/1032 1028/1028/1033
f 1026/1026/1031 1029/1029/1034 1027/1027/1032
f 1028/1028/1033 1027/1027/1032 1030/1030/1035
f 1027/1027/1032 1029/1029/1034 1030/1030/1035
f 1031/1031/1036 1032/1032/1037 1033/1033/1038
f 1031/1031/1036 1034/1034/1039 1032/1032/1037
f 1033/1033/1038 1032/1032/1037 1035/1035/1040
f 1032/1032/1037 1034/1034/1039 1035/1035/1040
f 1036/1036/1041 1037/1037/1042 1038/1038/1043
f 1036/1036/1044 1037/1037/1042 1039/1039/1045
f 1038/1038/1043 1037/1037/1042 1040/1040/1046
f 1037/1037/1042 1039/1039/1047 1040/1040/1046
f 1041/1041/1048 1042/1042/1049 1043/1043/1050
f 1041/1041/1048 1044/1044/1051 1042/1042/1049
f 1043/1043/1050 1042/1042/1049 1045/1045/1052
f 1042/1042/1049 1044/1044/1051 1045/1045/1052
f 1046/1046/1053 1047/1047/1054 1048/1048/1055
f 1046/1046/1053 1049/1049/1056 1047/1047/1054
f 1048/1048/1055 1047/1047/1054 1050/1050/1057
f 1047/1047/1054 1049/1049/1056 1050/1050/1057
f 1051/1051/1058 1052/1052/1059 1053/1053/1060
f 1051/1051/1058 1054/1054/1061 1052/1052/1059
f 1053/1053/1060 1052/1052/1059 1055/1055/1062
f 1052/1052/1059 1054/1054/1061 1055/1055/1062
f 1056/1056/1063 1057/1057/1064 1058/1058/1065
f 1056/1056/1063 1059/1059/1066 1057/1057/1064
f 1058/1058/1065 1057/1057/1064 1060/1060/1067
f 1057/1057/1064 1059/1059/1066 1060/1060/1067
f 1061/1061/1068 1062/1062/1069 1063/1063/1070
f 1061/1061/1068 1064/1064/1071 1062/1062/1069
f 1063/1063/1070 1062/1062/1069 1065/1065/1072
f 1062/1062/1069 1064/1064/1071 1065/1065/1072
f 1066/1066/1073 1067/1067/1074 1068/1068/1075
f 1066/1066/1073 1067/1067/1076 1069/1069/1077
f 1068/1068/1075 1067/1067/1074 1070/1070/1078
f 1067/1067/1074 1069/1069/1077 1070/1070/1078
f 1071/1071/1079 1072/1072/1080 1073/1073/1081
f 1071/1071/1079 1074/1074/1082 1072/1072/1080
f 1073/1073/1081 1072/1072/1080 1075/1075/1083
f 1072/1072/1080 1074/1074/1082 1075/1075/1083
f 1076/1076/1084 1077/1077/1085 1078/1078/1086
f 1076/1076/1084 1079/1079/1087 1077/1077/1085
f 1078/1078/1086 1077/1077/1085 1080/1080/1088
f 1077/1077/1085 1079/1079/1087 1080/1080/1088
f 1081/1081/1089 1082/1082/1090 1083/1083/1091
f 1081/1081/1089 1084/1084/1092 1082/1082/1090
f 1083/1083/1091 1082/1082/1090 1085/1085/1093
f 1082/1082/1090 1084/1084/1092 1085/1085/1093
f 1086/1086/1094 1087/1087/1095 1088/1088/1096
f 1086/1086/1094 1089/1089/1097 1087/1087/1095
f 1088/1088/1096 1087/1087/1095 1090/1090/1098
f 1087/1087/1095 1089/1089/1097 1090/1090/1098
f 1091/1091/1099 1092/1092/1100 1093/1093/1101
f 1091/1091/1099 1094/1094/1102 1092/1092/1100
f 1093/1093/1101 1092/1092/1100 1095/1095/1103
f 1092/1092/1100 1094/1094/1102 1095/1095/1103
f 1096/1096/1104 1097/1097/1105 1098/1098/1106
f 1096/1096/1107 1097/1097/1108 1099/1099/1109
f 1098/1098/1106 1097/1097/1105 1100/1100/1110
f 1097/1097/1105 1099/1099/1111 1100/1100/1110
f 1101/1101/1112 1102/1102/1113 1103/1103/1114
f 1101/1101/1112 1102/1102/1115 1104/1104/1116
f 1103/1103/1114 1102/1102/1113 1105/1105/1117
f 1102/1102/1113 1104/1104/1118 1105/1105/1117
f 1106/1106/1119 1107/1107/1120 1108/1108/1121
f 1106/1106/1119 1109/1109/1122 1107/1107/1120
f 1108/1108/1121 1107/1107/1120 1110/1110/1123
f 1107/1107/1120 1109/1109/1122 1110/1110/1123
f 1111/1111/1124 1112/1112/1125 1113/1113/1126
f 1111/1111/1124 1112/1112/1125 1114/1114/1127
f 1113/1113/1126 1112/1112/1125 1115/1115/1128
f 1112/1112/1125 1114/1114/1129 1115/1115/1128
f 1116/1116/1130 1117/1117/1131 1118/1118/1132
f 1116/1116/1130 1119/1119/1133 1117/1117/1131
f 1118/1118/1132 1117/1117/1131 1120/1120/1134
f 1117/1117/1131 1119/1119/1133 1120/1120/1134
f 1121/1121/1135 1122/1122/1136 1123/1123/1137
f 1121/1121/1135 1124/1124/1138 1122/1122/1136
f 1123/1123/1137 1122/1122/1136 1125/1125/1139
f 1122/1122/1136 1124/1124/1138 1125/1125/1139
f 1126/1126/1140 1127/1127/1141 1128/1128/1142
f 1126/1126/1140 1129/1129/1143 1127/1127/1141
f 1128/1128/1142 1127/1127/1141 1130/1130/1144
f 1127/1127/1141 1129/1129/1143 1130/1130/1144
f 1131/1131/1145 1132/1132/1146 1133/1133/1147
f 1131/1131/1145 1134/1134/1148 1132/1132/1146
f 1133/1133/1147 1132/1132/1146 1135/1135/1149
f 1132/1132/1146 1134/1134/1148 1135/1135/1149
f 1136/1136/1150 1137/1137/1151 1138/1138/1152
f 1136/1136/1150 1139/1139/1153 1137/1137/1151
f 1138/1138/1152 1137/1137/1151 1140/1140/1154
f 1137/1137/1151 1139/1139/1153 1140/1140/1154
f 1141/1141/1155 1142/1142/1156 1143/1143/1157
f 1141/1141/1155 1144/1144/1158 1142/1142/1156
f 1143/1143/1157 1142/1142/1156 1145/1145/1159
f 1142/1142/1156 1144/1144/1158 1145/1145/1159
